record_id,dataset_role,property_symbol,property_name,component,value,unit,temperature_C,temperature_context,source_key,doi_or_reference,PLA_formulation,print_condition,confidence_relevance,compatibility_status,how_used_in_ANSYS,source_locator,notes
PLA-001,candidate,ρ,mass density,isotropic,1240,kg m⁻³,not reported,supplier typical value,PrusamentTDS2022,Prusament PLA TDS v1.1 (27 July 2022),Prusament PLA,not specified for density test,"moderate; exact formulation, temperature omitted",candidate_missing_temperature,Do not enter until the reference temperature treatment is declared,TDS p. 2,
PLA-002,candidate,E,tensile modulus,horizontal,2300,MPa,not reported,printed tensile test,PrusamentTDS2022,Prusament PLA TDS v1.1 (27 July 2022),Prusament PLA,Original Prusa i3 MK3; 100% rectilinear infill; 0.20 mm layers; 2 perimeters; 215 °C nozzle; 60 °C bed; 200 mm s⁻¹ infill,moderate; mean ±0.1 GPa reported,screening_only,Room-condition cross-check only; not the viscoelastic relaxation modulus,TDS pp. 2–3,Reported as 2.3 ± 0.1 GPa
PLA-003,candidate,E,tensile modulus,vertical xz,2400,MPa,not reported,printed tensile test,PrusamentTDS2022,Prusament PLA TDS v1.1 (27 July 2022),Prusament PLA,Original Prusa i3 MK3; 100% rectilinear infill; 0.20 mm layers; 2 perimeters; 215 °C nozzle; 60 °C bed; 200 mm s⁻¹ infill,moderate; mean ±0.1 GPa reported,screening_only,Room-condition cross-check only; not the viscoelastic relaxation modulus,TDS pp. 2–3,Reported as 2.4 ± 0.1 GPa
PLA-004,candidate,ν,Poisson ratio,isotropic,0.35,1,23–85,constant in source model,Chapuis2025,10.1088/1361-665X/adeee4,Prusament PLA,ASTM D638 Type IV; Prusament PLA; DMA frequency sweeps 1–18 Hz at 5 °C intervals; at least 3 specimens,high for the published model; uncertainty not reported,admissible_within_source_domain,Candidate constant ν in isotropic viscoelastic structural model,Supplementary Table B.1,
PLA-005,candidate,α,coefficient of linear thermal expansion,isotropic,68.0,µm m⁻¹ K⁻¹,23–85,constant in source model,Chapuis2025,10.1088/1361-665X/adeee4,Prusament PLA,ASTM D638 Type IV; Prusament PLA; DMA frequency sweeps 1–18 Hz at 5 °C intervals; at least 3 specimens,high for the published model; uncertainty not reported,admissible_within_source_domain,Candidate constant isotropic thermal expansion for verification cases; irreversible pre-strain remains separate,Supplementary Table B.1,
PLA-006,candidate,T_g,glass-transition temperature,tan δ peak,65,°C,65,DMA tan δ peak,Chapuis2025,10.1088/1361-665X/adeee4,Prusament PLA,ASTM D638 Type IV; Prusament PLA; DMA frequency sweeps 1–18 Hz at 5 °C intervals; at least 3 specimens,high; directly determined in source study,admissible_within_source_domain,"Reference temperature for shift-factor law, not a structural boundary condition",Main text §3.1.1 and Supplementary Table B.1,
PLA-007,candidate,E_∞,long-term Young modulus,equilibrium Hookean element k₀,10.598,MPa,65,reference T_g; master-curve model,Chapuis2025,10.1088/1361-665X/adeee4,Prusament PLA,ASTM D638 Type IV; Prusament PLA; DMA frequency sweeps 1–18 Hz at 5 °C intervals; at least 3 specimens,high; directly tabulated,admissible_within_source_domain,Long-term modulus term after ANSYS-compatible formulation is verified,Supplementary Table B.1,
PLA-008,candidate,E_0,instantaneous Young modulus,k₀ + Σkᵢ,1691.594,MPa,65,calculated at reference T_g from 23 tabulated branches,Chapuis2025,10.1088/1361-665X/adeee4,Prusament PLA,ASTM D638 Type IV; Prusament PLA; DMA frequency sweeps 1–18 Hz at 5 °C intervals; at least 3 specimens,high arithmetic traceability; model-transfer uncertainty remains,calculated_candidate,Candidate instantaneous modulus for normalized Prony conversion,Supplementary Tables B.1–B.2,Reproducible sum: 10.598 MPa + Σkᵢ = 1691.594 MPa
PLA-009,candidate,C₁,WLF constant,above T_g,17.4,1,≥65,T₀ = T_g,Chapuis2025,10.1088/1361-665X/adeee4,Prusament PLA,ASTM D638 Type IV; Prusament PLA; DMA frequency sweeps 1–18 Hz at 5 °C intervals; at least 3 specimens,high for source model,admissible_within_source_domain,Candidate ANSYS shift law after convention/sign verification,Supplementary Table B.1 and main-text Eq. (6),
PLA-010,candidate,C₂,WLF constant,above T_g,51.6,K,≥65,T₀ = T_g,Chapuis2025,10.1088/1361-665X/adeee4,Prusament PLA,ASTM D638 Type IV; Prusament PLA; DMA frequency sweeps 1–18 Hz at 5 °C intervals; at least 3 specimens,high for source model,admissible_within_source_domain,Candidate ANSYS shift law after convention/sign verification,Supplementary Table B.1 and main-text Eq. (6),
PLA-011,candidate,C₃,Arrhenius shift constant,below T_g,35000,K,<65,log₁₀a_T = C₃(1/T − 1/T_g),Chapuis2025,10.1088/1361-665X/adeee4,Prusament PLA,ASTM D638 Type IV; Prusament PLA; DMA frequency sweeps 1–18 Hz at 5 °C intervals; at least 3 specimens,high for source model,requires_custom_or_tabulated_shift,Native ANSYS representation must reproduce the published piecewise shift law,Supplementary Table B.1 and main-text Eq. (6),
PLA-012,candidate,kᵢ,Maxwell-branch stiffness,branch 1,6.228,MPa,65,reference T_g,Chapuis2025,10.1088/1361-665X/adeee4,Prusament PLA,ASTM D638 Type IV; Prusament PLA; DMA frequency sweeps 1–18 Hz at 5 °C intervals; at least 3 specimens,high; directly tabulated,admissible_within_source_domain,Convert to normalized ANSYS shear-relaxation ratio only after constant-ν equivalence is verified,Supplementary Table B.2,Calculated normalized modulus fraction kᵢ/E₀ = 0.00368173450603
PLA-013,candidate,τᵢ,Maxwell-branch relaxation time,branch 1,1.176e-14,s,65,reference T_g,Chapuis2025,10.1088/1361-665X/adeee4,Prusament PLA,ASTM D638 Type IV; Prusament PLA; DMA frequency sweeps 1–18 Hz at 5 °C intervals; at least 3 specimens,high; directly tabulated,admissible_within_source_domain,Candidate Prony relaxation time paired with branch stiffness,Supplementary Table B.2,
PLA-014,candidate,kᵢ,Maxwell-branch stiffness,branch 2,1.806,MPa,65,reference T_g,Chapuis2025,10.1088/1361-665X/adeee4,Prusament PLA,ASTM D638 Type IV; Prusament PLA; DMA frequency sweeps 1–18 Hz at 5 °C intervals; at least 3 specimens,high; directly tabulated,admissible_within_source_domain,Convert to normalized ANSYS shear-relaxation ratio only after constant-ν equivalence is verified,Supplementary Table B.2,Calculated normalized modulus fraction kᵢ/E₀ = 0.00106763206774
PLA-015,candidate,τᵢ,Maxwell-branch relaxation time,branch 2,1.228e-14,s,65,reference T_g,Chapuis2025,10.1088/1361-665X/adeee4,Prusament PLA,ASTM D638 Type IV; Prusament PLA; DMA frequency sweeps 1–18 Hz at 5 °C intervals; at least 3 specimens,high; directly tabulated,admissible_within_source_domain,Candidate Prony relaxation time paired with branch stiffness,Supplementary Table B.2,
PLA-016,candidate,kᵢ,Maxwell-branch stiffness,branch 3,7.849,MPa,65,reference T_g,Chapuis2025,10.1088/1361-665X/adeee4,Prusament PLA,ASTM D638 Type IV; Prusament PLA; DMA frequency sweeps 1–18 Hz at 5 °C intervals; at least 3 specimens,high; directly tabulated,admissible_within_source_domain,Convert to normalized ANSYS shear-relaxation ratio only after constant-ν equivalence is verified,Supplementary Table B.2,Calculated normalized modulus fraction kᵢ/E₀ = 0.00464000227005
PLA-017,candidate,τᵢ,Maxwell-branch relaxation time,branch 3,2.878e-14,s,65,reference T_g,Chapuis2025,10.1088/1361-665X/adeee4,Prusament PLA,ASTM D638 Type IV; Prusament PLA; DMA frequency sweeps 1–18 Hz at 5 °C intervals; at least 3 specimens,high; directly tabulated,admissible_within_source_domain,Candidate Prony relaxation time paired with branch stiffness,Supplementary Table B.2,
PLA-018,candidate,kᵢ,Maxwell-branch stiffness,branch 4,12.751,MPa,65,reference T_g,Chapuis2025,10.1088/1361-665X/adeee4,Prusament PLA,ASTM D638 Type IV; Prusament PLA; DMA frequency sweeps 1–18 Hz at 5 °C intervals; at least 3 specimens,high; directly tabulated,admissible_within_source_domain,Convert to normalized ANSYS shear-relaxation ratio only after constant-ν equivalence is verified,Supplementary Table B.2,Calculated normalized modulus fraction kᵢ/E₀ = 0.00753786073963
PLA-019,candidate,τᵢ,Maxwell-branch relaxation time,branch 4,1.701e-12,s,65,reference T_g,Chapuis2025,10.1088/1361-665X/adeee4,Prusament PLA,ASTM D638 Type IV; Prusament PLA; DMA frequency sweeps 1–18 Hz at 5 °C intervals; at least 3 specimens,high; directly tabulated,admissible_within_source_domain,Candidate Prony relaxation time paired with branch stiffness,Supplementary Table B.2,
PLA-020,candidate,kᵢ,Maxwell-branch stiffness,branch 5,20.857,MPa,65,reference T_g,Chapuis2025,10.1088/1361-665X/adeee4,Prusament PLA,ASTM D638 Type IV; Prusament PLA; DMA frequency sweeps 1–18 Hz at 5 °C intervals; at least 3 specimens,high; directly tabulated,admissible_within_source_domain,Convert to normalized ANSYS shear-relaxation ratio only after constant-ν equivalence is verified,Supplementary Table B.2,Calculated normalized modulus fraction kᵢ/E₀ = 0.0123297907181
PLA-021,candidate,τᵢ,Maxwell-branch relaxation time,branch 5,9.178e-12,s,65,reference T_g,Chapuis2025,10.1088/1361-665X/adeee4,Prusament PLA,ASTM D638 Type IV; Prusament PLA; DMA frequency sweeps 1–18 Hz at 5 °C intervals; at least 3 specimens,high; directly tabulated,admissible_within_source_domain,Candidate Prony relaxation time paired with branch stiffness,Supplementary Table B.2,
PLA-022,candidate,kᵢ,Maxwell-branch stiffness,branch 6,31.104,MPa,65,reference T_g,Chapuis2025,10.1088/1361-665X/adeee4,Prusament PLA,ASTM D638 Type IV; Prusament PLA; DMA frequency sweeps 1–18 Hz at 5 °C intervals; at least 3 specimens,high; directly tabulated,admissible_within_source_domain,Convert to normalized ANSYS shear-relaxation ratio only after constant-ν equivalence is verified,Supplementary Table B.2,Calculated normalized modulus fraction kᵢ/E₀ = 0.0183873908278
PLA-023,candidate,τᵢ,Maxwell-branch relaxation time,branch 6,6.034e-11,s,65,reference T_g,Chapuis2025,10.1088/1361-665X/adeee4,Prusament PLA,ASTM D638 Type IV; Prusament PLA; DMA frequency sweeps 1–18 Hz at 5 °C intervals; at least 3 specimens,high; directly tabulated,admissible_within_source_domain,Candidate Prony relaxation time paired with branch stiffness,Supplementary Table B.2,
PLA-024,candidate,kᵢ,Maxwell-branch stiffness,branch 7,45.566,MPa,65,reference T_g,Chapuis2025,10.1088/1361-665X/adeee4,Prusament PLA,ASTM D638 Type IV; Prusament PLA; DMA frequency sweeps 1–18 Hz at 5 °C intervals; at least 3 specimens,high; directly tabulated,admissible_within_source_domain,Convert to normalized ANSYS shear-relaxation ratio only after constant-ν equivalence is verified,Supplementary Table B.2,Calculated normalized modulus fraction kᵢ/E₀ = 0.0269367235873
PLA-025,candidate,τᵢ,Maxwell-branch relaxation time,branch 7,6.187e-09,s,65,reference T_g,Chapuis2025,10.1088/1361-665X/adeee4,Prusament PLA,ASTM D638 Type IV; Prusament PLA; DMA frequency sweeps 1–18 Hz at 5 °C intervals; at least 3 specimens,high; directly tabulated,admissible_within_source_domain,Candidate Prony relaxation time paired with branch stiffness,Supplementary Table B.2,
PLA-026,candidate,kᵢ,Maxwell-branch stiffness,branch 8,64.036,MPa,65,reference T_g,Chapuis2025,10.1088/1361-665X/adeee4,Prusament PLA,ASTM D638 Type IV; Prusament PLA; DMA frequency sweeps 1–18 Hz at 5 °C intervals; at least 3 specimens,high; directly tabulated,admissible_within_source_domain,Convert to normalized ANSYS shear-relaxation ratio only after constant-ν equivalence is verified,Supplementary Table B.2,Calculated normalized modulus fraction kᵢ/E₀ = 0.0378554192082
PLA-027,candidate,τᵢ,Maxwell-branch relaxation time,branch 8,1.102e-07,s,65,reference T_g,Chapuis2025,10.1088/1361-665X/adeee4,Prusament PLA,ASTM D638 Type IV; Prusament PLA; DMA frequency sweeps 1–18 Hz at 5 °C intervals; at least 3 specimens,high; directly tabulated,admissible_within_source_domain,Candidate Prony relaxation time paired with branch stiffness,Supplementary Table B.2,
PLA-028,candidate,kᵢ,Maxwell-branch stiffness,branch 9,92.484,MPa,65,reference T_g,Chapuis2025,10.1088/1361-665X/adeee4,Prusament PLA,ASTM D638 Type IV; Prusament PLA; DMA frequency sweeps 1–18 Hz at 5 °C intervals; at least 3 specimens,high; directly tabulated,admissible_within_source_domain,Convert to normalized ANSYS shear-relaxation ratio only after constant-ν equivalence is verified,Supplementary Table B.2,Calculated normalized modulus fraction kᵢ/E₀ = 0.0546726933295
PLA-029,candidate,τᵢ,Maxwell-branch relaxation time,branch 9,1.047e-06,s,65,reference T_g,Chapuis2025,10.1088/1361-665X/adeee4,Prusament PLA,ASTM D638 Type IV; Prusament PLA; DMA frequency sweeps 1–18 Hz at 5 °C intervals; at least 3 specimens,high; directly tabulated,admissible_within_source_domain,Candidate Prony relaxation time paired with branch stiffness,Supplementary Table B.2,
PLA-030,candidate,kᵢ,Maxwell-branch stiffness,branch 10,135.916,MPa,65,reference T_g,Chapuis2025,10.1088/1361-665X/adeee4,Prusament PLA,ASTM D638 Type IV; Prusament PLA; DMA frequency sweeps 1–18 Hz at 5 °C intervals; at least 3 specimens,high; directly tabulated,admissible_within_source_domain,Convert to normalized ANSYS shear-relaxation ratio only after constant-ν equivalence is verified,Supplementary Table B.2,Calculated normalized modulus fraction kᵢ/E₀ = 0.0803478848944
PLA-031,candidate,τᵢ,Maxwell-branch relaxation time,branch 10,6.903e-06,s,65,reference T_g,Chapuis2025,10.1088/1361-665X/adeee4,Prusament PLA,ASTM D638 Type IV; Prusament PLA; DMA frequency sweeps 1–18 Hz at 5 °C intervals; at least 3 specimens,high; directly tabulated,admissible_within_source_domain,Candidate Prony relaxation time paired with branch stiffness,Supplementary Table B.2,
PLA-032,candidate,kᵢ,Maxwell-branch stiffness,branch 11,113.488,MPa,65,reference T_g,Chapuis2025,10.1088/1361-665X/adeee4,Prusament PLA,ASTM D638 Type IV; Prusament PLA; DMA frequency sweeps 1–18 Hz at 5 °C intervals; at least 3 specimens,high; directly tabulated,admissible_within_source_domain,Convert to normalized ANSYS shear-relaxation ratio only after constant-ν equivalence is verified,Supplementary Table B.2,Calculated normalized modulus fraction kᵢ/E₀ = 0.0670893843322
PLA-033,candidate,τᵢ,Maxwell-branch relaxation time,branch 11,2.582e-05,s,65,reference T_g,Chapuis2025,10.1088/1361-665X/adeee4,Prusament PLA,ASTM D638 Type IV; Prusament PLA; DMA frequency sweeps 1–18 Hz at 5 °C intervals; at least 3 specimens,high; directly tabulated,admissible_within_source_domain,Candidate Prony relaxation time paired with branch stiffness,Supplementary Table B.2,
PLA-034,candidate,kᵢ,Maxwell-branch stiffness,branch 12,128.266,MPa,65,reference T_g,Chapuis2025,10.1088/1361-665X/adeee4,Prusament PLA,ASTM D638 Type IV; Prusament PLA; DMA frequency sweeps 1–18 Hz at 5 °C intervals; at least 3 specimens,high; directly tabulated,admissible_within_source_domain,Convert to normalized ANSYS shear-relaxation ratio only after constant-ν equivalence is verified,Supplementary Table B.2,Calculated normalized modulus fraction kᵢ/E₀ = 0.0758255231456
PLA-035,candidate,τᵢ,Maxwell-branch relaxation time,branch 12,5.363e-05,s,65,reference T_g,Chapuis2025,10.1088/1361-665X/adeee4,Prusament PLA,ASTM D638 Type IV; Prusament PLA; DMA frequency sweeps 1–18 Hz at 5 °C intervals; at least 3 specimens,high; directly tabulated,admissible_within_source_domain,Candidate Prony relaxation time paired with branch stiffness,Supplementary Table B.2,
PLA-036,candidate,kᵢ,Maxwell-branch stiffness,branch 13,173.47,MPa,65,reference T_g,Chapuis2025,10.1088/1361-665X/adeee4,Prusament PLA,ASTM D638 Type IV; Prusament PLA; DMA frequency sweeps 1–18 Hz at 5 °C intervals; at least 3 specimens,high; directly tabulated,admissible_within_source_domain,Convert to normalized ANSYS shear-relaxation ratio only after constant-ν equivalence is verified,Supplementary Table B.2,Calculated normalized modulus fraction kᵢ/E₀ = 0.102548247393
PLA-037,candidate,τᵢ,Maxwell-branch relaxation time,branch 13,0.0001838,s,65,reference T_g,Chapuis2025,10.1088/1361-665X/adeee4,Prusament PLA,ASTM D638 Type IV; Prusament PLA; DMA frequency sweeps 1–18 Hz at 5 °C intervals; at least 3 specimens,high; directly tabulated,admissible_within_source_domain,Candidate Prony relaxation time paired with branch stiffness,Supplementary Table B.2,
PLA-038,candidate,kᵢ,Maxwell-branch stiffness,branch 14,93.393,MPa,65,reference T_g,Chapuis2025,10.1088/1361-665X/adeee4,Prusament PLA,ASTM D638 Type IV; Prusament PLA; DMA frequency sweeps 1–18 Hz at 5 °C intervals; at least 3 specimens,high; directly tabulated,admissible_within_source_domain,Convert to normalized ANSYS shear-relaxation ratio only after constant-ν equivalence is verified,Supplementary Table B.2,Calculated normalized modulus fraction kᵢ/E₀ = 0.0552100563137
PLA-039,candidate,τᵢ,Maxwell-branch relaxation time,branch 14,0.0004386,s,65,reference T_g,Chapuis2025,10.1088/1361-665X/adeee4,Prusament PLA,ASTM D638 Type IV; Prusament PLA; DMA frequency sweeps 1–18 Hz at 5 °C intervals; at least 3 specimens,high; directly tabulated,admissible_within_source_domain,Candidate Prony relaxation time paired with branch stiffness,Supplementary Table B.2,
PLA-040,candidate,kᵢ,Maxwell-branch stiffness,branch 15,163.804,MPa,65,reference T_g,Chapuis2025,10.1088/1361-665X/adeee4,Prusament PLA,ASTM D638 Type IV; Prusament PLA; DMA frequency sweeps 1–18 Hz at 5 °C intervals; at least 3 specimens,high; directly tabulated,admissible_within_source_domain,Convert to normalized ANSYS shear-relaxation ratio only after constant-ν equivalence is verified,Supplementary Table B.2,Calculated normalized modulus fraction kᵢ/E₀ = 0.0968341103125
PLA-041,candidate,τᵢ,Maxwell-branch relaxation time,branch 15,0.0007577,s,65,reference T_g,Chapuis2025,10.1088/1361-665X/adeee4,Prusament PLA,ASTM D638 Type IV; Prusament PLA; DMA frequency sweeps 1–18 Hz at 5 °C intervals; at least 3 specimens,high; directly tabulated,admissible_within_source_domain,Candidate Prony relaxation time paired with branch stiffness,Supplementary Table B.2,
PLA-042,candidate,kᵢ,Maxwell-branch stiffness,branch 16,134.311,MPa,65,reference T_g,Chapuis2025,10.1088/1361-665X/adeee4,Prusament PLA,ASTM D638 Type IV; Prusament PLA; DMA frequency sweeps 1–18 Hz at 5 °C intervals; at least 3 specimens,high; directly tabulated,admissible_within_source_domain,Convert to normalized ANSYS shear-relaxation ratio only after constant-ν equivalence is verified,Supplementary Table B.2,Calculated normalized modulus fraction kᵢ/E₀ = 0.0793990756647
PLA-043,candidate,τᵢ,Maxwell-branch relaxation time,branch 16,0.001795,s,65,reference T_g,Chapuis2025,10.1088/1361-665X/adeee4,Prusament PLA,ASTM D638 Type IV; Prusament PLA; DMA frequency sweeps 1–18 Hz at 5 °C intervals; at least 3 specimens,high; directly tabulated,admissible_within_source_domain,Candidate Prony relaxation time paired with branch stiffness,Supplementary Table B.2,
PLA-044,candidate,kᵢ,Maxwell-branch stiffness,branch 17,119.266,MPa,65,reference T_g,Chapuis2025,10.1088/1361-665X/adeee4,Prusament PLA,ASTM D638 Type IV; Prusament PLA; DMA frequency sweeps 1–18 Hz at 5 °C intervals; at least 3 specimens,high; directly tabulated,admissible_within_source_domain,Convert to normalized ANSYS shear-relaxation ratio only after constant-ν equivalence is verified,Supplementary Table B.2,Calculated normalized modulus fraction kᵢ/E₀ = 0.0705050975589
PLA-045,candidate,τᵢ,Maxwell-branch relaxation time,branch 17,0.002292,s,65,reference T_g,Chapuis2025,10.1088/1361-665X/adeee4,Prusament PLA,ASTM D638 Type IV; Prusament PLA; DMA frequency sweeps 1–18 Hz at 5 °C intervals; at least 3 specimens,high; directly tabulated,admissible_within_source_domain,Candidate Prony relaxation time paired with branch stiffness,Supplementary Table B.2,
PLA-046,candidate,kᵢ,Maxwell-branch stiffness,branch 18,100.596,MPa,65,reference T_g,Chapuis2025,10.1088/1361-665X/adeee4,Prusament PLA,ASTM D638 Type IV; Prusament PLA; DMA frequency sweeps 1–18 Hz at 5 °C intervals; at least 3 specimens,high; directly tabulated,admissible_within_source_domain,Convert to normalized ANSYS shear-relaxation ratio only after constant-ν equivalence is verified,Supplementary Table B.2,Calculated normalized modulus fraction kᵢ/E₀ = 0.0594681702583
PLA-047,candidate,τᵢ,Maxwell-branch relaxation time,branch 18,0.006576,s,65,reference T_g,Chapuis2025,10.1088/1361-665X/adeee4,Prusament PLA,ASTM D638 Type IV; Prusament PLA; DMA frequency sweeps 1–18 Hz at 5 °C intervals; at least 3 specimens,high; directly tabulated,admissible_within_source_domain,Candidate Prony relaxation time paired with branch stiffness,Supplementary Table B.2,
PLA-048,candidate,kᵢ,Maxwell-branch stiffness,branch 19,80.534,MPa,65,reference T_g,Chapuis2025,10.1088/1361-665X/adeee4,Prusament PLA,ASTM D638 Type IV; Prusament PLA; DMA frequency sweeps 1–18 Hz at 5 °C intervals; at least 3 specimens,high; directly tabulated,admissible_within_source_domain,Convert to normalized ANSYS shear-relaxation ratio only after constant-ν equivalence is verified,Supplementary Table B.2,Calculated normalized modulus fraction kᵢ/E₀ = 0.0476083504671
PLA-049,candidate,τᵢ,Maxwell-branch relaxation time,branch 19,0.00992,s,65,reference T_g,Chapuis2025,10.1088/1361-665X/adeee4,Prusament PLA,ASTM D638 Type IV; Prusament PLA; DMA frequency sweeps 1–18 Hz at 5 °C intervals; at least 3 specimens,high; directly tabulated,admissible_within_source_domain,Candidate Prony relaxation time paired with branch stiffness,Supplementary Table B.2,
PLA-050,candidate,kᵢ,Maxwell-branch stiffness,branch 20,61.624,MPa,65,reference T_g,Chapuis2025,10.1088/1361-665X/adeee4,Prusament PLA,ASTM D638 Type IV; Prusament PLA; DMA frequency sweeps 1–18 Hz at 5 °C intervals; at least 3 specimens,high; directly tabulated,admissible_within_source_domain,Convert to normalized ANSYS shear-relaxation ratio only after constant-ν equivalence is verified,Supplementary Table B.2,Calculated normalized modulus fraction kᵢ/E₀ = 0.0364295451509
PLA-051,candidate,τᵢ,Maxwell-branch relaxation time,branch 20,0.0329,s,65,reference T_g,Chapuis2025,10.1088/1361-665X/adeee4,Prusament PLA,ASTM D638 Type IV; Prusament PLA; DMA frequency sweeps 1–18 Hz at 5 °C intervals; at least 3 specimens,high; directly tabulated,admissible_within_source_domain,Candidate Prony relaxation time paired with branch stiffness,Supplementary Table B.2,
PLA-052,candidate,kᵢ,Maxwell-branch stiffness,branch 21,44.508,MPa,65,reference T_g,Chapuis2025,10.1088/1361-665X/adeee4,Prusament PLA,ASTM D638 Type IV; Prusament PLA; DMA frequency sweeps 1–18 Hz at 5 °C intervals; at least 3 specimens,high; directly tabulated,admissible_within_source_domain,Convert to normalized ANSYS shear-relaxation ratio only after constant-ν equivalence is verified,Supplementary Table B.2,Calculated normalized modulus fraction kᵢ/E₀ = 0.0263112780017
PLA-053,candidate,τᵢ,Maxwell-branch relaxation time,branch 21,0.05374,s,65,reference T_g,Chapuis2025,10.1088/1361-665X/adeee4,Prusament PLA,ASTM D638 Type IV; Prusament PLA; DMA frequency sweeps 1–18 Hz at 5 °C intervals; at least 3 specimens,high; directly tabulated,admissible_within_source_domain,Candidate Prony relaxation time paired with branch stiffness,Supplementary Table B.2,
PLA-054,candidate,kᵢ,Maxwell-branch stiffness,branch 22,30.529,MPa,65,reference T_g,Chapuis2025,10.1088/1361-665X/adeee4,Prusament PLA,ASTM D638 Type IV; Prusament PLA; DMA frequency sweeps 1–18 Hz at 5 °C intervals; at least 3 specimens,high; directly tabulated,admissible_within_source_domain,Convert to normalized ANSYS shear-relaxation ratio only after constant-ν equivalence is verified,Supplementary Table B.2,Calculated normalized modulus fraction kᵢ/E₀ = 0.0180474747487
PLA-055,candidate,τᵢ,Maxwell-branch relaxation time,branch 22,0.06586,s,65,reference T_g,Chapuis2025,10.1088/1361-665X/adeee4,Prusament PLA,ASTM D638 Type IV; Prusament PLA; DMA frequency sweeps 1–18 Hz at 5 °C intervals; at least 3 specimens,high; directly tabulated,admissible_within_source_domain,Candidate Prony relaxation time paired with branch stiffness,Supplementary Table B.2,
PLA-056,candidate,kᵢ,Maxwell-branch stiffness,branch 23,18.61,MPa,65,reference T_g,Chapuis2025,10.1088/1361-665X/adeee4,Prusament PLA,ASTM D638 Type IV; Prusament PLA; DMA frequency sweeps 1–18 Hz at 5 °C intervals; at least 3 specimens,high; directly tabulated,admissible_within_source_domain,Convert to normalized ANSYS shear-relaxation ratio only after constant-ν equivalence is verified,Supplementary Table B.2,Calculated normalized modulus fraction kᵢ/E₀ = 0.0110014577966
PLA-057,candidate,τᵢ,Maxwell-branch relaxation time,branch 23,35.03,s,65,reference T_g,Chapuis2025,10.1088/1361-665X/adeee4,Prusament PLA,ASTM D638 Type IV; Prusament PLA; DMA frequency sweeps 1–18 Hz at 5 °C intervals; at least 3 specimens,high; directly tabulated,admissible_within_source_domain,Candidate Prony relaxation time paired with branch stiffness,Supplementary Table B.2,
PLA-058,candidate,ε₁₁^AM,programmed AM pre-strain,pattern-search identification,0.05618,1,75,activation temperature,Chapuis2025,10.1088/1361-665X/adeee4,Prusament PLA,"25 mm × 5 mm, 0.1 mm layers; nozzle 195 °C; activation 75 °C; bilayer calibration","moderate; geometry-calibrated, no dispersion reported",not_bulk_annealing_input,Do not use as bulk annealing strain without a transfer and identifiability study,Main-text Table 5,
PLA-059,candidate,ε₁₁^AM,programmed AM pre-strain,Timoshenko-bilayer identification,0.05605,1,75,activation temperature,Chapuis2025,10.1088/1361-665X/adeee4,Prusament PLA,"25 mm × 5 mm, 0.1 mm layers; nozzle 195 °C; activation 75 °C; bilayer calibration","moderate; analytical identification, no dispersion reported",not_bulk_annealing_input,Method bracket only; not an uncertainty distribution,Main-text Table 5,
PLA-060,candidate,ε₁₁^AM,programmed AM pre-strain,pattern-search identification,0.04206,1,75,activation temperature,Chapuis2025,10.1088/1361-665X/adeee4,Prusament PLA,"25 mm × 5 mm, 0.1 mm layers; nozzle 200 °C; activation 75 °C; bilayer calibration","moderate; geometry-calibrated, no dispersion reported",not_bulk_annealing_input,Do not use as bulk annealing strain without a transfer and identifiability study,Main-text Table 5,
PLA-061,candidate,ε₁₁^AM,programmed AM pre-strain,Timoshenko-bilayer identification,0.04199,1,75,activation temperature,Chapuis2025,10.1088/1361-665X/adeee4,Prusament PLA,"25 mm × 5 mm, 0.1 mm layers; nozzle 200 °C; activation 75 °C; bilayer calibration","moderate; analytical identification, no dispersion reported",not_bulk_annealing_input,Method bracket only; not an uncertainty distribution,Main-text Table 5,
PLA-062,candidate,ε₁₁^AM,programmed AM pre-strain,pattern-search identification,0.1035,1,90,activation temperature,Chapuis2025,10.1088/1361-665X/adeee4,Prusament PLA,"25 mm × 5 mm, 0.1 mm layers; nozzle 200 °C; activation 90 °C; bilayer calibration","moderate; geometry-calibrated, no dispersion reported",not_bulk_annealing_input,Do not use as bulk annealing strain without a transfer and identifiability study,Main-text Table 5,
PLA-063,candidate,ε₁₁^AM,programmed AM pre-strain,Timoshenko-bilayer identification,0.1029,1,90,activation temperature,Chapuis2025,10.1088/1361-665X/adeee4,Prusament PLA,"25 mm × 5 mm, 0.1 mm layers; nozzle 200 °C; activation 90 °C; bilayer calibration","moderate; analytical identification, no dispersion reported",not_bulk_annealing_input,Method bracket only; not an uncertainty distribution,Main-text Table 5,
PLA-064,candidate,ε₁₁^AM,programmed AM pre-strain,pattern-search identification,0.07957,1,90,activation temperature,Chapuis2025,10.1088/1361-665X/adeee4,Prusament PLA,"25 mm × 5 mm, 0.1 mm layers; nozzle 215 °C; activation 90 °C; bilayer calibration","moderate; geometry-calibrated, no dispersion reported",not_bulk_annealing_input,Do not use as bulk annealing strain without a transfer and identifiability study,Main-text Table 5,
PLA-065,candidate,ε₁₁^AM,programmed AM pre-strain,Timoshenko-bilayer identification,0.07926,1,90,activation temperature,Chapuis2025,10.1088/1361-665X/adeee4,Prusament PLA,"25 mm × 5 mm, 0.1 mm layers; nozzle 215 °C; activation 90 °C; bilayer calibration","moderate; analytical identification, no dispersion reported",not_bulk_annealing_input,Method bracket only; not an uncertainty distribution,Main-text Table 5,
PLA-066,comparator,ρ,mass density,isotropic,1240,kg m⁻³,20,used constant up to 140 °C by source,Luberto2024,10.1089/3dp.2022.0282,Unidentified PLA filament,Prusa i3 MKS3 FFF cuboid,low transfer relevance; exact source grade absent,incompatible_comparator,Do not use for Prusament PLA; retain for screening only,Table 1,
PLA-067,comparator,c_p,specific heat capacity,isotropic,1800,J kg⁻¹ K⁻¹,20,used constant up to 140 °C by source,Luberto2024,10.1089/3dp.2022.0282,Unidentified PLA filament,Prusa i3 MKS3 FFF cuboid,low transfer relevance; exact source grade absent,incompatible_comparator,Do not use for Prusament PLA; retain for screening only,Table 1,
PLA-068,comparator,k,thermal conductivity,isotropic,0.13,W m⁻¹ K⁻¹,20,used constant up to 140 °C by source,Luberto2024,10.1089/3dp.2022.0282,Unidentified PLA filament,Prusa i3 MKS3 FFF cuboid,low transfer relevance; exact source grade absent,incompatible_comparator,Do not use for Prusament PLA; retain for screening only,Table 1,
PLA-069,comparator,E,Young modulus,isotropic model table,1860,MPa,25,model input; room value measured then reduced using another source,Trofimov2022,10.1016/j.addma.2022.102693,Raise3D Premium PLA with transferred functions,Raise3D Premium PLA; Raise3D Pro2; 100% infill; 0.2 mm layers; 0.4 mm nozzle; 210 °C nozzle; 60 °C bed,moderate as reproduced model input; low grade purity,incompatible_source_mixture,Do not merge with Prusament properties,Table 1 and §3.2,
PLA-070,comparator,E,Young modulus,isotropic model table,1727,MPa,40,model input; room value measured then reduced using another source,Trofimov2022,10.1016/j.addma.2022.102693,Raise3D Premium PLA with transferred functions,Raise3D Premium PLA; Raise3D Pro2; 100% infill; 0.2 mm layers; 0.4 mm nozzle; 210 °C nozzle; 60 °C bed,moderate as reproduced model input; low grade purity,incompatible_source_mixture,Do not merge with Prusament properties,Table 1 and §3.2,
PLA-071,comparator,E,Young modulus,isotropic model table,1603,MPa,50,model input; room value measured then reduced using another source,Trofimov2022,10.1016/j.addma.2022.102693,Raise3D Premium PLA with transferred functions,Raise3D Premium PLA; Raise3D Pro2; 100% infill; 0.2 mm layers; 0.4 mm nozzle; 210 °C nozzle; 60 °C bed,moderate as reproduced model input; low grade purity,incompatible_source_mixture,Do not merge with Prusament properties,Table 1 and §3.2,
PLA-072,comparator,E,Young modulus,isotropic model table,1000,MPa,60,model input; room value measured then reduced using another source,Trofimov2022,10.1016/j.addma.2022.102693,Raise3D Premium PLA with transferred functions,Raise3D Premium PLA; Raise3D Pro2; 100% infill; 0.2 mm layers; 0.4 mm nozzle; 210 °C nozzle; 60 °C bed,moderate as reproduced model input; low grade purity,incompatible_source_mixture,Do not merge with Prusament properties,Table 1 and §3.2,
PLA-073,comparator,E,Young modulus,isotropic model table,300,MPa,70,model input; room value measured then reduced using another source,Trofimov2022,10.1016/j.addma.2022.102693,Raise3D Premium PLA with transferred functions,Raise3D Premium PLA; Raise3D Pro2; 100% infill; 0.2 mm layers; 0.4 mm nozzle; 210 °C nozzle; 60 °C bed,moderate as reproduced model input; low grade purity,incompatible_source_mixture,Do not merge with Prusament properties,Table 1 and §3.2,
PLA-074,comparator,E,Young modulus,isotropic model table,50,MPa,80,model input; room value measured then reduced using another source,Trofimov2022,10.1016/j.addma.2022.102693,Raise3D Premium PLA with transferred functions,Raise3D Premium PLA; Raise3D Pro2; 100% infill; 0.2 mm layers; 0.4 mm nozzle; 210 °C nozzle; 60 °C bed,moderate as reproduced model input; low grade purity,incompatible_source_mixture,Do not merge with Prusament properties,Table 1 and §3.2,
PLA-075,comparator,E,Young modulus,isotropic model table,10,MPa,90,model input; room value measured then reduced using another source,Trofimov2022,10.1016/j.addma.2022.102693,Raise3D Premium PLA with transferred functions,Raise3D Premium PLA; Raise3D Pro2; 100% infill; 0.2 mm layers; 0.4 mm nozzle; 210 °C nozzle; 60 °C bed,moderate as reproduced model input; low grade purity,incompatible_source_mixture,Do not merge with Prusament properties,Table 1 and §3.2,
PLA-076,comparator,E,Young modulus,isotropic model table,1,MPa,100,model input; room value measured then reduced using another source,Trofimov2022,10.1016/j.addma.2022.102693,Raise3D Premium PLA with transferred functions,Raise3D Premium PLA; Raise3D Pro2; 100% infill; 0.2 mm layers; 0.4 mm nozzle; 210 °C nozzle; 60 °C bed,moderate as reproduced model input; low grade purity,incompatible_source_mixture,Do not merge with Prusament properties,Table 1 and §3.2,
PLA-077,comparator,E,Young modulus,isotropic model table,1,MPa,150,model input; room value measured then reduced using another source,Trofimov2022,10.1016/j.addma.2022.102693,Raise3D Premium PLA with transferred functions,Raise3D Premium PLA; Raise3D Pro2; 100% infill; 0.2 mm layers; 0.4 mm nozzle; 210 °C nozzle; 60 °C bed,moderate as reproduced model input; low grade purity,incompatible_source_mixture,Do not merge with Prusament properties,Table 1 and §3.2,
PLA-078,comparator,α,coefficient of linear thermal expansion,isotropic low-temperature table value,79,µm m⁻¹ K⁻¹,25–90,piecewise source table,Trofimov2022,10.1016/j.addma.2022.102693,Raise3D Premium PLA with transferred functions,Raise3D Premium PLA; Raise3D Pro2; 100% infill; 0.2 mm layers; 0.4 mm nozzle; 210 °C nozzle; 60 °C bed,low transfer relevance,incompatible_source_mixture,Do not merge with Prusament properties,Table 1 and §3.2,
PLA-079,comparator,α,coefficient of linear thermal expansion,isotropic high-temperature table value,147,µm m⁻¹ K⁻¹,100–150,piecewise source table,Trofimov2022,10.1016/j.addma.2022.102693,Raise3D Premium PLA with transferred functions,Raise3D Premium PLA; Raise3D Pro2; 100% infill; 0.2 mm layers; 0.4 mm nozzle; 210 °C nozzle; 60 °C bed,low transfer relevance,incompatible_source_mixture,Do not merge with Prusament properties,Table 1 and §3.2,
PLA-080,comparator,k,thermal conductivity,isotropic low-temperature table value,0.11,W m⁻¹ K⁻¹,25–90,piecewise source table,Trofimov2022,10.1016/j.addma.2022.102693,Raise3D Premium PLA with transferred functions,Raise3D Premium PLA; Raise3D Pro2; 100% infill; 0.2 mm layers; 0.4 mm nozzle; 210 °C nozzle; 60 °C bed,low transfer relevance,incompatible_source_mixture,Do not merge with Prusament properties,Table 1 and §3.2,
PLA-081,comparator,k,thermal conductivity,isotropic high-temperature table value,0.19,W m⁻¹ K⁻¹,100–150,piecewise source table,Trofimov2022,10.1016/j.addma.2022.102693,Raise3D Premium PLA with transferred functions,Raise3D Premium PLA; Raise3D Pro2; 100% infill; 0.2 mm layers; 0.4 mm nozzle; 210 °C nozzle; 60 °C bed,low transfer relevance,incompatible_source_mixture,Do not merge with Prusament properties,Table 1 and §3.2,
PLA-082,comparator,c_p,specific heat capacity,isotropic low-temperature table value,1590,J kg⁻¹ K⁻¹,25–90,piecewise source table,Trofimov2022,10.1016/j.addma.2022.102693,Raise3D Premium PLA with transferred functions,Raise3D Premium PLA; Raise3D Pro2; 100% infill; 0.2 mm layers; 0.4 mm nozzle; 210 °C nozzle; 60 °C bed,low transfer relevance,incompatible_source_mixture,Do not merge with Prusament properties,Table 1 and §3.2,
PLA-083,comparator,c_p,specific heat capacity,isotropic high-temperature table value,1950,J kg⁻¹ K⁻¹,100–150,piecewise source table,Trofimov2022,10.1016/j.addma.2022.102693,Raise3D Premium PLA with transferred functions,Raise3D Premium PLA; Raise3D Pro2; 100% infill; 0.2 mm layers; 0.4 mm nozzle; 210 °C nozzle; 60 °C bed,low transfer relevance,incompatible_source_mixture,Do not merge with Prusament properties,Table 1 and §3.2,
PLA-084,comparator,ν,Poisson ratio,isotropic,0.36,1,25–150,constant in source model,Trofimov2022,10.1016/j.addma.2022.102693,Raise3D Premium PLA with transferred functions,Raise3D Premium PLA; Raise3D Pro2; 100% infill; 0.2 mm layers; 0.4 mm nozzle; 210 °C nozzle; 60 °C bed,low transfer relevance,incompatible_source_mixture,Do not merge with Prusament properties,Table 1 and §3.2,
PLA-085,comparator,ρ,mass density,isotropic,1250,kg m⁻³,25–150,constant in source model,Trofimov2022,10.1016/j.addma.2022.102693,Raise3D Premium PLA with transferred functions,Raise3D Premium PLA; Raise3D Pro2; 100% infill; 0.2 mm layers; 0.4 mm nozzle; 210 °C nozzle; 60 °C bed,low transfer relevance,incompatible_source_mixture,Do not merge with Prusament properties,Table 1 and §3.2,
PLA-086,comparator,E₁,Young modulus,road direction 1,2669,MPa,not reported,laboratory tensile characterization,Li2024,10.1016/j.tws.2024.111800,FormFutura Premium PLA,FormFutura Premium PLA; Ultimaker S5; line infill; 0 mm road air gap; 0.2 mm layers; 0.8 mm line width; 210 °C; 45 mm s⁻¹; 60 °C bed,high for reported architecture; low transfer relevance,incomplete_incompatible_orthotropic_set,Do not enter as Prusament orthotropy; G₂₃ and ν₂₃ are missing,Table 4,
PLA-087,comparator,E₂,Young modulus,transverse in-plane 2,2583,MPa,not reported,laboratory tensile characterization,Li2024,10.1016/j.tws.2024.111800,FormFutura Premium PLA,FormFutura Premium PLA; Ultimaker S5; line infill; 0 mm road air gap; 0.2 mm layers; 0.8 mm line width; 210 °C; 45 mm s⁻¹; 60 °C bed,high for reported architecture; low transfer relevance,incomplete_incompatible_orthotropic_set,Do not enter as Prusament orthotropy; G₂₃ and ν₂₃ are missing,Table 4,
PLA-088,comparator,E₃,Young modulus,build direction 3,2208,MPa,not reported,laboratory tensile characterization,Li2024,10.1016/j.tws.2024.111800,FormFutura Premium PLA,FormFutura Premium PLA; Ultimaker S5; line infill; 0 mm road air gap; 0.2 mm layers; 0.8 mm line width; 210 °C; 45 mm s⁻¹; 60 °C bed,high for reported architecture; low transfer relevance,incomplete_incompatible_orthotropic_set,Do not enter as Prusament orthotropy; G₂₃ and ν₂₃ are missing,Table 4,
PLA-089,comparator,ν₁₂,Poisson ratio,12,0.43,1,not reported,laboratory tensile characterization,Li2024,10.1016/j.tws.2024.111800,FormFutura Premium PLA,FormFutura Premium PLA; Ultimaker S5; line infill; 0 mm road air gap; 0.2 mm layers; 0.8 mm line width; 210 °C; 45 mm s⁻¹; 60 °C bed,high for reported architecture; low transfer relevance,incomplete_incompatible_orthotropic_set,Do not enter as Prusament orthotropy; G₂₃ and ν₂₃ are missing,Table 4,
PLA-090,comparator,ν₁₃,Poisson ratio,13,0.37,1,not reported,laboratory tensile characterization,Li2024,10.1016/j.tws.2024.111800,FormFutura Premium PLA,FormFutura Premium PLA; Ultimaker S5; line infill; 0 mm road air gap; 0.2 mm layers; 0.8 mm line width; 210 °C; 45 mm s⁻¹; 60 °C bed,high for reported architecture; low transfer relevance,incomplete_incompatible_orthotropic_set,Do not enter as Prusament orthotropy; G₂₃ and ν₂₃ are missing,Table 4,
PLA-091,comparator,G₁₂,shear modulus,12,919,MPa,not reported,laboratory tensile characterization,Li2024,10.1016/j.tws.2024.111800,FormFutura Premium PLA,FormFutura Premium PLA; Ultimaker S5; line infill; 0 mm road air gap; 0.2 mm layers; 0.8 mm line width; 210 °C; 45 mm s⁻¹; 60 °C bed,high for reported architecture; low transfer relevance,incomplete_incompatible_orthotropic_set,Do not enter as Prusament orthotropy; G₂₃ and ν₂₃ are missing,Table 4,
PLA-092,comparator,G₃₁,shear modulus,31,844,MPa,not reported,laboratory tensile characterization,Li2024,10.1016/j.tws.2024.111800,FormFutura Premium PLA,FormFutura Premium PLA; Ultimaker S5; line infill; 0 mm road air gap; 0.2 mm layers; 0.8 mm line width; 210 °C; 45 mm s⁻¹; 60 °C bed,high for reported architecture; low transfer relevance,incomplete_incompatible_orthotropic_set,Do not enter as Prusament orthotropy; G₂₃ and ν₂₃ are missing,Table 4,
PLA-093,comparator,E,tensile modulus,0°,3045,MPa,not reported,controlled laboratory environment,Relaxation2022,10.3390/ma15103509,SUNLU PLA Plus,SUNLU PLA Plus; 0.4 mm nozzle; 210 °C; 60 mm s⁻¹; 50 °C bed; 0.1 mm layers; 100% single-direction infill; one contour,high for reported specimens; low transfer relevance,incompatible_comparator,Do not use for Prusament; relaxation evidence is qualitative for model selection,Table 4,Published uncertainty ±3 MPa
PLA-094,comparator,E,tensile modulus,45°,2914,MPa,not reported,controlled laboratory environment,Relaxation2022,10.3390/ma15103509,SUNLU PLA Plus,SUNLU PLA Plus; 0.4 mm nozzle; 210 °C; 60 mm s⁻¹; 50 °C bed; 0.1 mm layers; 100% single-direction infill; one contour,high for reported specimens; low transfer relevance,incompatible_comparator,Do not use for Prusament; relaxation evidence is qualitative for model selection,Table 4,Published uncertainty ±3 MPa
PLA-095,comparator,E,tensile modulus,90°,2932,MPa,not reported,controlled laboratory environment,Relaxation2022,10.3390/ma15103509,SUNLU PLA Plus,SUNLU PLA Plus; 0.4 mm nozzle; 210 °C; 60 mm s⁻¹; 50 °C bed; 0.1 mm layers; 100% single-direction infill; one contour,high for reported specimens; low transfer relevance,incompatible_comparator,Do not use for Prusament; relaxation evidence is qualitative for model selection,Table 4,Published uncertainty ±3 MPa
PLA-096,comparator,ΔE/E₀,normalized relaxation over 500 s,0°/45°/90° summary,≈11–13,%,not reported,500 s constant-strain room-condition tests,Relaxation2022,10.3390/ma15103509,SUNLU PLA Plus,SUNLU PLA Plus; 0.4 mm nozzle; 210 °C; 60 mm s⁻¹; 50 °C bed; 0.1 mm layers; 100% single-direction infill; one contour,moderate; rounded textual summary,incompatible_comparator,Do not convert to a Prony series for annealing,§3.2,
