table,run_path,quantity,value,unit,absolute_change,delta_percent,interpretation
mesh_convergence.csv,simulation/convergence/stage10_structural_mesh_coarse_a03,W_max,0.008170220501255158,mm,,,initial_level
mesh_convergence.csv,simulation/convergence/stage10_structural_mesh_coarse_a03,residual_displacement,0.05963922363170715,mm,,,initial_level
mesh_convergence.csv,simulation/convergence/stage10_structural_mesh_coarse_a03,residual_stress_p95,9.965000261451449e-05,MPa,,,initial_level
mesh_convergence.csv,simulation/convergence/stage10_structural_mesh_medium_a01,W_max,0.011259784860013937,mm,0.003089564358758779,27.43892887092831,adjacent_refinement
mesh_convergence.csv,simulation/convergence/stage10_structural_mesh_medium_a01,residual_displacement,0.07853777207825666,mm,0.018898548446549507,24.06300554046606,adjacent_refinement
mesh_convergence.csv,simulation/convergence/stage10_structural_mesh_medium_a01,residual_stress_p95,0.0004940749739574753,MPa,0.0003944249713429608,79.83099572594598,adjacent_refinement
mesh_convergence.csv,simulation/convergence/stage10_structural_mesh_fine_a01,W_max,0.012501772740447878,mm,0.001241987880433941,9.934494141104077,adjacent_refinement
mesh_convergence.csv,simulation/convergence/stage10_structural_mesh_fine_a01,residual_displacement,0.08534517040533586,mm,0.006807398327079203,7.976313474738342,adjacent_refinement
mesh_convergence.csv,simulation/convergence/stage10_structural_mesh_fine_a01,residual_stress_p95,0.0007046091903161985,MPa,0.00021053421635872321,29.879572854314386,adjacent_refinement
mesh_convergence.csv,simulation/convergence/stage10_structural_mesh_extra_fine_a01,W_max,0.012796855712192808,mm,0.00029508297174492965,2.305902155822351,adjacent_refinement
mesh_convergence.csv,simulation/convergence/stage10_structural_mesh_extra_fine_a01,residual_displacement,0.08674431474540199,mm,0.001399144340066133,1.6129522080757421,adjacent_refinement
mesh_convergence.csv,simulation/convergence/stage10_structural_mesh_extra_fine_a01,residual_stress_p95,0.0007082846945081399,MPa,3.67550419194142e-06,0.5189303426207496,adjacent_refinement
mesh_convergence.csv,simulation/convergence/stage10_structural_mesh_ultra_fine_a01,W_max,0.012917333182426528,mm,0.0001204774702337208,0.9326806743486742,adjacent_refinement
mesh_convergence.csv,simulation/convergence/stage10_structural_mesh_ultra_fine_a01,residual_displacement,0.08725224724012685,mm,0.0005079324947248609,0.5821425932182357,adjacent_refinement
mesh_convergence.csv,simulation/convergence/stage10_structural_mesh_ultra_fine_a01,residual_stress_p95,0.0007229355041833484,MPa,1.4650809675208448e-05,2.0265721617530024,adjacent_refinement
mesh_convergence.csv,simulation/convergence/stage10_thermal_mesh_coarse_a01,thermal_lag_at_300_s,52.37903170136023,degC,,,initial_level
mesh_convergence.csv,simulation/convergence/stage10_thermal_mesh_coarse_a01,temperature_gradient_at_300_s,252.14107325945108,degC/m,,,initial_level
mesh_convergence.csv,simulation/convergence/stage10_thermal_mesh_medium_a01,thermal_lag_at_300_s,52.37114783508409,degC,0.007883866276145568,0.015053835178430187,adjacent_refinement
mesh_convergence.csv,simulation/convergence/stage10_thermal_mesh_medium_a01,temperature_gradient_at_300_s,252.38404252533613,degC/m,0.2429692658850513,0.09626966247704044,adjacent_refinement
mesh_convergence.csv,simulation/convergence/stage10_thermal_mesh_fine_a01,thermal_lag_at_300_s,52.36917459864479,degC,0.0019732364392979207,0.0037679349625437558,adjacent_refinement
mesh_convergence.csv,simulation/convergence/stage10_thermal_mesh_fine_a01,temperature_gradient_at_300_s,252.44472202970414,degC/m,0.06067950436801084,0.0240367490673348,adjacent_refinement
mesh_convergence.csv,simulation/convergence/stage10_thermal_mesh_extra_fine_a01,thermal_lag_at_300_s,52.36868114791232,degC,0.0004934507324705351,0.0009422630504610416,adjacent_refinement
mesh_convergence.csv,simulation/convergence/stage10_thermal_mesh_extra_fine_a01,temperature_gradient_at_300_s,252.45988798495063,degC/m,0.015165955246487783,0.006007273221713479,adjacent_refinement
mesh_convergence.csv,simulation/convergence/stage10_contact_mesh_lagrange_coarse_a03,mean_contact_pressure,16.987224102020264,MPa,,,initial_level
mesh_convergence.csv,simulation/convergence/stage10_contact_mesh_lagrange_coarse_a03,maximum_contact_pressure,19.76897144317627,MPa,,,initial_level
mesh_convergence.csv,simulation/convergence/stage10_contact_mesh_lagrange_coarse_a03,maximum_penetration,0.0,mm,,,initial_level
mesh_convergence.csv,simulation/convergence/stage10_contact_mesh_lagrange_coarse_a03,normal_reaction,172.4907592295602,N/mm,,,initial_level
mesh_convergence.csv,simulation/convergence/stage10_contact_mesh_lagrange_medium_a03,mean_contact_pressure,17.449091529846193,MPa,0.46186742782592916,2.6469425473292842,adjacent_refinement
mesh_convergence.csv,simulation/convergence/stage10_contact_mesh_lagrange_medium_a03,maximum_contact_pressure,20.98779296875,MPa,1.2188215255737305,5.80728772857874,adjacent_refinement
mesh_convergence.csv,simulation/convergence/stage10_contact_mesh_lagrange_medium_a03,maximum_penetration,0.0,mm,0.0,,undefined_zero_denominator
mesh_convergence.csv,simulation/convergence/stage10_contact_mesh_lagrange_medium_a03,normal_reaction,177.26461942569,N/mm,4.773860196129789,2.693069949094387,adjacent_refinement
mesh_convergence.csv,simulation/convergence/stage10_contact_mesh_lagrange_fine_a03,mean_contact_pressure,17.57205810546875,MPa,0.12296657562255575,0.6997847086806883,adjacent_refinement
mesh_convergence.csv,simulation/convergence/stage10_contact_mesh_lagrange_fine_a03,maximum_contact_pressure,21.37877655029297,MPa,0.39098358154296875,1.8288398338566798,adjacent_refinement
mesh_convergence.csv,simulation/convergence/stage10_contact_mesh_lagrange_fine_a03,maximum_penetration,0.0,mm,0.0,,undefined_zero_denominator
mesh_convergence.csv,simulation/convergence/stage10_contact_mesh_lagrange_fine_a03,normal_reaction,178.5693896685519,N/mm,1.3047702428619061,0.7306796787981019,adjacent_refinement
mesh_convergence.csv,simulation/convergence/stage10_contact_mesh_lagrange_extra_fine_a03,mean_contact_pressure,17.59439951578776,MPa,0.0223414103190116,0.1269802376543983,adjacent_refinement
mesh_convergence.csv,simulation/convergence/stage10_contact_mesh_lagrange_extra_fine_a03,maximum_contact_pressure,21.45629215240479,MPa,0.07751560211181996,0.3612721227005297,adjacent_refinement
mesh_convergence.csv,simulation/convergence/stage10_contact_mesh_lagrange_extra_fine_a03,maximum_penetration,0.0,mm,0.0,,undefined_zero_denominator
mesh_convergence.csv,simulation/convergence/stage10_contact_mesh_lagrange_extra_fine_a03,normal_reaction,178.8167033749052,N/mm,0.24731370635328176,0.13830570728885797,adjacent_refinement
timestep_convergence.csv,simulation/convergence/stage10_structural_time_coarse_a01,W_max,0.012480749635927928,mm,,,initial_level
timestep_convergence.csv,simulation/convergence/stage10_structural_time_coarse_a01,residual_displacement,0.0852010006352994,mm,,,initial_level
timestep_convergence.csv,simulation/convergence/stage10_structural_time_coarse_a01,residual_stress_p95,0.0007069894156132846,MPa,,,initial_level
timestep_convergence.csv,simulation/convergence/stage10_structural_time_medium_a01,W_max,0.012494820186117209,mm,1.4070550189280995e-05,0.1126110658632331,adjacent_refinement
timestep_convergence.csv,simulation/convergence/stage10_structural_time_medium_a01,residual_displacement,0.08529745104156762,mm,9.645040626822532e-05,0.11307536754084548,adjacent_refinement
timestep_convergence.csv,simulation/convergence/stage10_structural_time_medium_a01,residual_stress_p95,0.0007080891770546791,MPa,1.099761441394594e-06,0.1553139741478734,adjacent_refinement
timestep_convergence.csv,simulation/convergence/stage10_structural_mesh_fine_a01,W_max,0.012501772740447878,mm,6.952554330669214e-06,0.05561254771633401,adjacent_refinement
timestep_convergence.csv,simulation/convergence/stage10_structural_mesh_fine_a01,residual_displacement,0.08534517040533586,mm,4.7719363768239376e-05,0.05591337335387864,adjacent_refinement
timestep_convergence.csv,simulation/convergence/stage10_structural_mesh_fine_a01,residual_stress_p95,0.0007046091903161985,MPa,3.479986738480663e-06,0.49388892258402045,adjacent_refinement
timestep_convergence.csv,simulation/convergence/stage10_structural_time_extra_fine_a01,W_max,0.012502159522243386,mm,3.867817955083286e-07,0.003093719887513677,adjacent_refinement
timestep_convergence.csv,simulation/convergence/stage10_structural_time_extra_fine_a01,residual_displacement,0.08534791261432,mm,2.7422089841355746e-06,0.003212977213077706,adjacent_refinement
timestep_convergence.csv,simulation/convergence/stage10_structural_time_extra_fine_a01,residual_stress_p95,0.0007036497078524883,MPa,9.594824637101798e-07,0.1363579708770836,adjacent_refinement
timestep_convergence.csv,simulation/convergence/stage10_thermal_time_coarse_a01,thermal_lag_at_300_s,52.26380302885987,degC,,,initial_level
timestep_convergence.csv,simulation/convergence/stage10_thermal_time_coarse_a01,temperature_gradient_at_300_s,251.94622800055555,degC/m,,,initial_level
timestep_convergence.csv,simulation/convergence/stage10_thermal_time_coarse_a01,temperature_profile_L2_excursion,23.722619789661287,degC,,,initial_level
timestep_convergence.csv,simulation/convergence/stage10_thermal_time_medium_a01,thermal_lag_at_300_s,52.35208286164191,degC,0.08827983278204243,0.1686271643008966,adjacent_refinement
timestep_convergence.csv,simulation/convergence/stage10_thermal_time_medium_a01,temperature_gradient_at_300_s,252.3785948082093,degC/m,0.43236680765375013,0.17131675052803894,adjacent_refinement
timestep_convergence.csv,simulation/convergence/stage10_thermal_time_medium_a01,temperature_profile_L2_excursion,23.743766085696805,degC,0.021146296035517764,0.0890604125697492,adjacent_refinement
timestep_convergence.csv,simulation/convergence/stage10_thermal_mesh_extra_fine_a01,thermal_lag_at_300_s,52.36868114791232,degC,0.01659828627040838,0.03169506259576688,adjacent_refinement
timestep_convergence.csv,simulation/convergence/stage10_thermal_mesh_extra_fine_a01,temperature_gradient_at_300_s,252.45988798495063,degC/m,0.08129317674132608,0.0322004328648724,adjacent_refinement
timestep_convergence.csv,simulation/convergence/stage10_thermal_mesh_extra_fine_a01,temperature_profile_L2_excursion,23.747764666079863,degC,0.003998580383058226,0.016837712682783997,adjacent_refinement
timestep_convergence.csv,simulation/convergence/stage10_thermal_time_extra_fine_a01,thermal_lag_at_300_s,52.37144894024653,degC,0.0027677923342110944,0.005284926024042262,adjacent_refinement
timestep_convergence.csv,simulation/convergence/stage10_thermal_time_extra_fine_a01,temperature_gradient_at_300_s,252.4734437597779,degC/m,0.013555774827267442,0.005369188388845133,adjacent_refinement
timestep_convergence.csv,simulation/convergence/stage10_thermal_time_extra_fine_a01,temperature_profile_L2_excursion,23.74843213357365,degC,0.0006674674937876546,0.002810574988839124,adjacent_refinement
