  0.3000000000000000E+03,  0.0000000000000000E+00,  0.2890981011239970E+02,
  0.3000000000000000E+03,  0.1562500000000000E-03,  0.2883128878728860E+02,
  0.3000000000000000E+03,  0.3125000000000001E-03,  0.2875537065296647E+02,
  0.3000000000000000E+03,  0.4687500000000000E-03,  0.2868204505102346E+02,
  0.3000000000000000E+03,  0.6250000000000001E-03,  0.2861130166753935E+02,
  0.3000000000000000E+03,  0.7812500000000000E-03,  0.2854313053357881E+02,
  0.3000000000000000E+03,  0.9375000000000000E-03,  0.2847752202567022E+02,
  0.3000000000000000E+03,  0.1093750000000000E-02,  0.2841446686626789E+02,
  0.3000000000000000E+03,  0.1250000000000000E-02,  0.2835395612419752E+02,
  0.3000000000000000E+03,  0.1406250000000000E-02,  0.2829598121508517E+02,
  0.3000000000000000E+03,  0.1562500000000000E-02,  0.2824053390176955E+02,
  0.3000000000000000E+03,  0.1718750000000000E-02,  0.2818760629469747E+02,
  0.3000000000000000E+03,  0.1875000000000000E-02,  0.2813719085230294E+02,
  0.3000000000000000E+03,  0.2031250000000001E-02,  0.2808928038136929E+02,
  0.3000000000000000E+03,  0.2187500000000000E-02,  0.2804386803737458E+02,
  0.3000000000000000E+03,  0.2343750000000000E-02,  0.2800094732482024E+02,
  0.3000000000000000E+03,  0.2500000000000000E-02,  0.2796051209754326E+02,
  0.3000000000000000E+03,  0.2656250000000000E-02,  0.2792255655901105E+02,
  0.3000000000000000E+03,  0.2812500000000000E-02,  0.2788707526260009E+02,
  0.3000000000000000E+03,  0.2968750000000001E-02,  0.2785406311185735E+02,
  0.3000000000000000E+03,  0.3125000000000000E-02,  0.2782351536074512E+02,
  0.3000000000000000E+03,  0.3281250000000001E-02,  0.2779542761386889E+02,
  0.3000000000000000E+03,  0.3437500000000000E-02,  0.2776979582668846E+02,
  0.3000000000000000E+03,  0.3593750000000000E-02,  0.2774661630571218E+02,
  0.3000000000000000E+03,  0.3750000000000000E-02,  0.2772588570867439E+02,
  0.3000000000000000E+03,  0.3906250000000000E-02,  0.2770760104469576E+02,
  0.3000000000000000E+03,  0.4062500000000000E-02,  0.2769175967442718E+02,
  0.3000000000000000E+03,  0.4218749999999999E-02,  0.2767835931017625E+02,
  0.3000000000000000E+03,  0.4375000000000000E-02,  0.2766739801601741E+02,
  0.3000000000000000E+03,  0.4531250000000000E-02,  0.2765887420788468E+02,
  0.3000000000000000E+03,  0.4687500000000000E-02,  0.2765278665364786E+02,
  0.3000000000000000E+03,  0.4843750000000001E-02,  0.2764913447317167E+02,
  0.3000000000000000E+03,  0.5000000000000000E-02,  0.2764791713835809E+02,
  0.3000000000000000E+03,  0.5156249999999999E-02,  0.2764913447317164E+02,
  0.3000000000000000E+03,  0.5312500000000000E-02,  0.2765278665364774E+02,
  0.3000000000000000E+03,  0.5468750000000001E-02,  0.2765887420788452E+02,
  0.3000000000000000E+03,  0.5625000000000000E-02,  0.2766739801601723E+02,
  0.3000000000000000E+03,  0.5781250000000000E-02,  0.2767835931017606E+02,
  0.3000000000000000E+03,  0.5937499999999999E-02,  0.2769175967442694E+02,
  0.3000000000000000E+03,  0.6093750000000000E-02,  0.2770760104469548E+02,
  0.3000000000000000E+03,  0.6249999999999999E-02,  0.2772588570867408E+02,
  0.3000000000000000E+03,  0.6406250000000000E-02,  0.2774661630571183E+02,
  0.3000000000000000E+03,  0.6562500000000001E-02,  0.2776979582668805E+02,
  0.3000000000000000E+03,  0.6718750000000000E-02,  0.2779542761386845E+02,
  0.3000000000000000E+03,  0.6875000000000000E-02,  0.2782351536074465E+02,
  0.3000000000000000E+03,  0.7031249999999999E-02,  0.2785406311185682E+02,
  0.3000000000000000E+03,  0.7187500000000000E-02,  0.2788707526259950E+02,
  0.3000000000000000E+03,  0.7343750000000000E-02,  0.2792255655901043E+02,
  0.3000000000000000E+03,  0.7500000000000000E-02,  0.2796051209754258E+02,
  0.3000000000000000E+03,  0.7656249999999999E-02,  0.2800094732481953E+02,
  0.3000000000000000E+03,  0.7812500000000000E-02,  0.2804386803737381E+02,
  0.3000000000000000E+03,  0.7968749999999998E-02,  0.2808928038136850E+02,
  0.3000000000000000E+03,  0.8124999999999999E-02,  0.2813719085230209E+02,
  0.3000000000000000E+03,  0.8281250000000000E-02,  0.2818760629469656E+02,
  0.3000000000000000E+03,  0.8437500000000002E-02,  0.2824053390176862E+02,
  0.3000000000000000E+03,  0.8593750000000001E-02,  0.2829598121508426E+02,
  0.3000000000000000E+03,  0.8750000000000001E-02,  0.2835395612419658E+02,
  0.3000000000000000E+03,  0.8906250000000003E-02,  0.2841446686626692E+02,
  0.3000000000000000E+03,  0.9062499999999999E-02,  0.2847752202566922E+02,
  0.3000000000000000E+03,  0.9218750000000000E-02,  0.2854313053357776E+02,
  0.3000000000000000E+03,  0.9375000000000001E-02,  0.2861130166753830E+02,
  0.3000000000000000E+03,  0.9531250000000002E-02,  0.2868204505102240E+02,
  0.3000000000000000E+03,  0.9687500000000002E-02,  0.2875537065296539E+02,
  0.3000000000000000E+03,  0.9843750000000000E-02,  0.2883128878728749E+02,
  0.3000000000000000E+03,  0.1000000000000000E-01,  0.2890981011239857E+02,
  0.9000000000000000E+03,  0.0000000000000000E+00,  0.5168093447131785E+02,
  0.9000000000000000E+03,  0.1562500000000000E-03,  0.5163736594662203E+02,
  0.9000000000000000E+03,  0.3125000000000001E-03,  0.5159515954470120E+02,
  0.9000000000000000E+03,  0.4687500000000000E-03,  0.5155431729252871E+02,
  0.9000000000000000E+03,  0.6250000000000001E-03,  0.5151484115156415E+02,
  0.9000000000000000E+03,  0.7812500000000000E-03,  0.5147673301765934E+02,
  0.9000000000000000E+03,  0.9375000000000000E-03,  0.5143999472096715E+02,
  0.9000000000000000E+03,  0.1093750000000000E-02,  0.5140462802585375E+02,
  0.9000000000000000E+03,  0.1250000000000000E-02,  0.5137063463081373E+02,
  0.9000000000000000E+03,  0.1406250000000000E-02,  0.5133801616838858E+02,
  0.9000000000000000E+03,  0.1562500000000000E-02,  0.5130677420508838E+02,
  0.9000000000000000E+03,  0.1718750000000000E-02,  0.5127691024131639E+02,
  0.9000000000000000E+03,  0.1875000000000000E-02,  0.5124842571129711E+02,
  0.9000000000000000E+03,  0.2031250000000001E-02,  0.5122132198300744E+02,
  0.9000000000000000E+03,  0.2187500000000000E-02,  0.5119560035811090E+02,
  0.9000000000000000E+03,  0.2343750000000000E-02,  0.5117126207189506E+02,
  0.9000000000000000E+03,  0.2500000000000000E-02,  0.5114830829321240E+02,
  0.9000000000000000E+03,  0.2656250000000000E-02,  0.5112674012442404E+02,
  0.9000000000000000E+03,  0.2812500000000000E-02,  0.5110655860134675E+02,
  0.9000000000000000E+03,  0.2968750000000001E-02,  0.5108776469320339E+02,
  0.9000000000000000E+03,  0.3125000000000000E-02,  0.5107035930257622E+02,
  0.9000000000000000E+03,  0.3281250000000001E-02,  0.5105434326536366E+02,
  0.9000000000000000E+03,  0.3437500000000000E-02,  0.5103971735073987E+02,
  0.9000000000000000E+03,  0.3593750000000000E-02,  0.5102648226111825E+02,
  0.9000000000000000E+03,  0.3750000000000000E-02,  0.5101463863211733E+02,
  0.9000000000000000E+03,  0.3906250000000000E-02,  0.5100418703253045E+02,
  0.9000000000000000E+03,  0.4062500000000000E-02,  0.5099512796429840E+02,
  0.9000000000000000E+03,  0.4218749999999999E-02,  0.5098746186248518E+02,
  0.9000000000000000E+03,  0.4375000000000000E-02,  0.5098118909525734E+02,
  0.9000000000000000E+03,  0.4531250000000000E-02,  0.5097630996386610E+02,
  0.9000000000000000E+03,  0.4687500000000000E-02,  0.5097282470263299E+02,
  0.9000000000000000E+03,  0.4843750000000001E-02,  0.5097073347893865E+02,
  0.9000000000000000E+03,  0.5000000000000000E-02,  0.5097003639321461E+02,
  0.9000000000000000E+03,  0.5156249999999999E-02,  0.5097073347893859E+02,
  0.9000000000000000E+03,  0.5312500000000000E-02,  0.5097282470263281E+02,
  0.9000000000000000E+03,  0.5468750000000001E-02,  0.5097630996386577E+02,
  0.9000000000000000E+03,  0.5625000000000000E-02,  0.5098118909525692E+02,
  0.9000000000000000E+03,  0.5781250000000000E-02,  0.5098746186248471E+02,
  0.9000000000000000E+03,  0.5937499999999999E-02,  0.5099512796429789E+02,
  0.9000000000000000E+03,  0.6093750000000000E-02,  0.5100418703252985E+02,
  0.9000000000000000E+03,  0.6249999999999999E-02,  0.5101463863211664E+02,
  0.9000000000000000E+03,  0.6406250000000000E-02,  0.5102648226111740E+02,
  0.9000000000000000E+03,  0.6562500000000001E-02,  0.5103971735073890E+02,
  0.9000000000000000E+03,  0.6718750000000000E-02,  0.5105434326536258E+02,
  0.9000000000000000E+03,  0.6875000000000000E-02,  0.5107035930257508E+02,
  0.9000000000000000E+03,  0.7031249999999999E-02,  0.5108776469320210E+02,
  0.9000000000000000E+03,  0.7187500000000000E-02,  0.5110655860134538E+02,
  0.9000000000000000E+03,  0.7343750000000000E-02,  0.5112674012442256E+02,
  0.9000000000000000E+03,  0.7500000000000000E-02,  0.5114830829321087E+02,
  0.9000000000000000E+03,  0.7656249999999999E-02,  0.5117126207189346E+02,
  0.9000000000000000E+03,  0.7812500000000000E-02,  0.5119560035810920E+02,
  0.9000000000000000E+03,  0.7968749999999998E-02,  0.5122132198300572E+02,
  0.9000000000000000E+03,  0.8124999999999999E-02,  0.5124842571129532E+02,
  0.9000000000000000E+03,  0.8281250000000000E-02,  0.5127691024131453E+02,
  0.9000000000000000E+03,  0.8437500000000002E-02,  0.5130677420508647E+02,
  0.9000000000000000E+03,  0.8593750000000001E-02,  0.5133801616838662E+02,
  0.9000000000000000E+03,  0.8750000000000001E-02,  0.5137063463081167E+02,
  0.9000000000000000E+03,  0.8906250000000003E-02,  0.5140462802585161E+02,
  0.9000000000000000E+03,  0.9062499999999999E-02,  0.5143999472096495E+02,
  0.9000000000000000E+03,  0.9218750000000000E-02,  0.5147673301765708E+02,
  0.9000000000000000E+03,  0.9375000000000001E-02,  0.5151484115156185E+02,
  0.9000000000000000E+03,  0.9531250000000002E-02,  0.5155431729252636E+02,
  0.9000000000000000E+03,  0.9687500000000002E-02,  0.5159515954469883E+02,
  0.9000000000000000E+03,  0.9843750000000000E-02,  0.5163736594661963E+02,
  0.9000000000000000E+03,  0.1000000000000000E-01,  0.5168093447131544E+02,
  0.1200000000000000E+04,  0.0000000000000000E+00,  0.5000410984096865E+02,
  0.1200000000000000E+04,  0.1562500000000000E-03,  0.5005019049820840E+02,
  0.1200000000000000E+04,  0.3125000000000001E-03,  0.5009468218703356E+02,
  0.1200000000000000E+04,  0.4687500000000000E-03,  0.5013759707511709E+02,
  0.1200000000000000E+04,  0.6250000000000001E-03,  0.5017894693686146E+02,
  0.1200000000000000E+04,  0.7812500000000000E-03,  0.5021874315283339E+02,
  0.1200000000000000E+04,  0.9375000000000000E-03,  0.5025699670921715E+02,
  0.1200000000000000E+04,  0.1093750000000000E-02,  0.5029371819728695E+02,
  0.1200000000000000E+04,  0.1250000000000000E-02,  0.5032891781289844E+02,
  0.1200000000000000E+04,  0.1406250000000000E-02,  0.5036260535599877E+02,
  0.1200000000000000E+04,  0.1562500000000000E-02,  0.5039479023015629E+02,
  0.1200000000000000E+04,  0.1718750000000000E-02,  0.5042548144210863E+02,
  0.1200000000000000E+04,  0.1875000000000000E-02,  0.5045468760133034E+02,
  0.1200000000000000E+04,  0.2031250000000001E-02,  0.5048241691961939E+02,
  0.1200000000000000E+04,  0.2187500000000000E-02,  0.5050867721070280E+02,
  0.1200000000000000E+04,  0.2343750000000000E-02,  0.5053347588986119E+02,
  0.1200000000000000E+04,  0.2500000000000000E-02,  0.5055681997357297E+02,
  0.1200000000000000E+04,  0.2656250000000000E-02,  0.5057871607917716E+02,
  0.1200000000000000E+04,  0.2812500000000000E-02,  0.5059917042455567E+02,
  0.1200000000000000E+04,  0.2968750000000001E-02,  0.5061818882783471E+02,
  0.1200000000000000E+04,  0.3125000000000000E-02,  0.5063577670710526E+02,
  0.1200000000000000E+04,  0.3281250000000001E-02,  0.5065193908016306E+02,
  0.1200000000000000E+04,  0.3437500000000000E-02,  0.5066668056426730E+02,
  0.1200000000000000E+04,  0.3593750000000000E-02,  0.5068000537591928E+02,
  0.1200000000000000E+04,  0.3750000000000000E-02,  0.5069191733065961E+02,
  0.1200000000000000E+04,  0.3906250000000000E-02,  0.5070241984288507E+02,
  0.1200000000000000E+04,  0.4062500000000000E-02,  0.5071151592568474E+02,
  0.1200000000000000E+04,  0.4218749999999999E-02,  0.5071920819069497E+02,
  0.1200000000000000E+04,  0.4375000000000000E-02,  0.5072549884797447E+02,
  0.1200000000000000E+04,  0.4531250000000000E-02,  0.5073038970589757E+02,
  0.1200000000000000E+04,  0.4687500000000000E-02,  0.5073388217106789E+02,
  0.1200000000000000E+04,  0.4843750000000001E-02,  0.5073597724825053E+02,
  0.1200000000000000E+04,  0.5000000000000000E-02,  0.5073667554032384E+02,
  0.1200000000000000E+04,  0.5156249999999999E-02,  0.5073597724825048E+02,
  0.1200000000000000E+04,  0.5312500000000000E-02,  0.5073388217106771E+02,
  0.1200000000000000E+04,  0.5468750000000001E-02,  0.5073038970589726E+02,
  0.1200000000000000E+04,  0.5625000000000000E-02,  0.5072549884797406E+02,
  0.1200000000000000E+04,  0.5781250000000000E-02,  0.5071920819069452E+02,
  0.1200000000000000E+04,  0.5937499999999999E-02,  0.5071151592568420E+02,
  0.1200000000000000E+04,  0.6093750000000000E-02,  0.5070241984288444E+02,
  0.1200000000000000E+04,  0.6249999999999999E-02,  0.5069191733065890E+02,
  0.1200000000000000E+04,  0.6406250000000000E-02,  0.5068000537591842E+02,
  0.1200000000000000E+04,  0.6562500000000001E-02,  0.5066668056426633E+02,
  0.1200000000000000E+04,  0.6718750000000000E-02,  0.5065193908016196E+02,
  0.1200000000000000E+04,  0.6875000000000000E-02,  0.5063577670710411E+02,
  0.1200000000000000E+04,  0.7031249999999999E-02,  0.5061818882783342E+02,
  0.1200000000000000E+04,  0.7187500000000000E-02,  0.5059917042455432E+02,
  0.1200000000000000E+04,  0.7343750000000000E-02,  0.5057871607917571E+02,
  0.1200000000000000E+04,  0.7500000000000000E-02,  0.5055681997357142E+02,
  0.1200000000000000E+04,  0.7656249999999999E-02,  0.5053347588985958E+02,
  0.1200000000000000E+04,  0.7812500000000000E-02,  0.5050867721070112E+02,
  0.1200000000000000E+04,  0.7968749999999998E-02,  0.5048241691961768E+02,
  0.1200000000000000E+04,  0.8124999999999999E-02,  0.5045468760132854E+02,
  0.1200000000000000E+04,  0.8281250000000000E-02,  0.5042548144210677E+02,
  0.1200000000000000E+04,  0.8437500000000002E-02,  0.5039479023015437E+02,
  0.1200000000000000E+04,  0.8593750000000001E-02,  0.5036260535599677E+02,
  0.1200000000000000E+04,  0.8750000000000001E-02,  0.5032891781289634E+02,
  0.1200000000000000E+04,  0.8906250000000003E-02,  0.5029371819728480E+02,
  0.1200000000000000E+04,  0.9062499999999999E-02,  0.5025699670921493E+02,
  0.1200000000000000E+04,  0.9218750000000000E-02,  0.5021874315283109E+02,
  0.1200000000000000E+04,  0.9375000000000001E-02,  0.5017894693685913E+02,
  0.1200000000000000E+04,  0.9531250000000002E-02,  0.5013759707511468E+02,
  0.1200000000000000E+04,  0.9687500000000002E-02,  0.5009468218703114E+02,
  0.1200000000000000E+04,  0.9843750000000000E-02,  0.5005019049820596E+02,
  0.1200000000000000E+04,  0.1000000000000000E-01,  0.5000410984096619E+02,
  0.1800000000000000E+04,  0.0000000000000000E+00,  0.3662865628451966E+02,
  0.1800000000000000E+04,  0.1562500000000000E-03,  0.3665423926222268E+02,
  0.1800000000000000E+04,  0.3125000000000001E-03,  0.3667902241581353E+02,
  0.1800000000000000E+04,  0.4687500000000000E-03,  0.3670300455507492E+02,
  0.1800000000000000E+04,  0.6250000000000001E-03,  0.3672618452825846E+02,
  0.1800000000000000E+04,  0.7812500000000000E-03,  0.3674856122214000E+02,
  0.1800000000000000E+04,  0.9375000000000000E-03,  0.3677013356207308E+02,
  0.1800000000000000E+04,  0.1093750000000000E-02,  0.3679090051204051E+02,
  0.1800000000000000E+04,  0.1250000000000000E-02,  0.3681086107470423E+02,
  0.1800000000000000E+04,  0.1406250000000000E-02,  0.3683001429145304E+02,
  0.1800000000000000E+04,  0.1562500000000000E-02,  0.3684835924244890E+02,
  0.1800000000000000E+04,  0.1718750000000000E-02,  0.3686589504667075E+02,
  0.1800000000000000E+04,  0.1875000000000000E-02,  0.3688262086195710E+02,
  0.1800000000000000E+04,  0.2031250000000001E-02,  0.3689853588504638E+02,
  0.1800000000000000E+04,  0.2187500000000000E-02,  0.3691363935161559E+02,
  0.1800000000000000E+04,  0.2343750000000000E-02,  0.3692793053631680E+02,
  0.1800000000000000E+04,  0.2500000000000000E-02,  0.3694140875281224E+02,
  0.1800000000000000E+04,  0.2656250000000000E-02,  0.3695407335380708E+02,
  0.1800000000000000E+04,  0.2812500000000000E-02,  0.3696592373108059E+02,
  0.1800000000000000E+04,  0.2968750000000001E-02,  0.3697695931551539E+02,
  0.1800000000000000E+04,  0.3125000000000000E-02,  0.3698717957712470E+02,
  0.1800000000000000E+04,  0.3281250000000001E-02,  0.3699658402507787E+02,
  0.1800000000000000E+04,  0.3437500000000000E-02,  0.3700517220772385E+02,
  0.1800000000000000E+04,  0.3593750000000000E-02,  0.3701294371261293E+02,
  0.1800000000000000E+04,  0.3750000000000000E-02,  0.3701989816651662E+02,
  0.1800000000000000E+04,  0.3906250000000000E-02,  0.3702603523544550E+02,
  0.1800000000000000E+04,  0.4062500000000000E-02,  0.3703135462466529E+02,
  0.1800000000000000E+04,  0.4218749999999999E-02,  0.3703585607871089E+02,
  0.1800000000000000E+04,  0.4375000000000000E-02,  0.3703953938139887E+02,
  0.1800000000000000E+04,  0.4531250000000000E-02,  0.3704240435583763E+02,
  0.1800000000000000E+04,  0.4687500000000000E-02,  0.3704445086443604E+02,
  0.1800000000000000E+04,  0.4843750000000001E-02,  0.3704567880891003E+02,
  0.1800000000000000E+04,  0.5000000000000000E-02,  0.3704608813028728E+02,
  0.1800000000000000E+04,  0.5156249999999999E-02,  0.3704567880891002E+02,
  0.1800000000000000E+04,  0.5312500000000000E-02,  0.3704445086443592E+02,
  0.1800000000000000E+04,  0.5468750000000001E-02,  0.3704240435583741E+02,
  0.1800000000000000E+04,  0.5625000000000000E-02,  0.3703953938139856E+02,
  0.1800000000000000E+04,  0.5781250000000000E-02,  0.3703585607871055E+02,
  0.1800000000000000E+04,  0.5937499999999999E-02,  0.3703135462466490E+02,
  0.1800000000000000E+04,  0.6093750000000000E-02,  0.3702603523544506E+02,
  0.1800000000000000E+04,  0.6249999999999999E-02,  0.3701989816651611E+02,
  0.1800000000000000E+04,  0.6406250000000000E-02,  0.3701294371261230E+02,
  0.1800000000000000E+04,  0.6562500000000001E-02,  0.3700517220772312E+02,
  0.1800000000000000E+04,  0.6718750000000000E-02,  0.3699658402507709E+02,
  0.1800000000000000E+04,  0.6875000000000000E-02,  0.3698717957712388E+02,
  0.1800000000000000E+04,  0.7031249999999999E-02,  0.3697695931551446E+02,
  0.1800000000000000E+04,  0.7187500000000000E-02,  0.3696592373107961E+02,
  0.1800000000000000E+04,  0.7343750000000000E-02,  0.3695407335380602E+02,
  0.1800000000000000E+04,  0.7500000000000000E-02,  0.3694140875281111E+02,
  0.1800000000000000E+04,  0.7656249999999999E-02,  0.3692793053631563E+02,
  0.1800000000000000E+04,  0.7812500000000000E-02,  0.3691363935161437E+02,
  0.1800000000000000E+04,  0.7968749999999998E-02,  0.3689853588504513E+02,
  0.1800000000000000E+04,  0.8124999999999999E-02,  0.3688262086195579E+02,
  0.1800000000000000E+04,  0.8281250000000000E-02,  0.3686589504666939E+02,
  0.1800000000000000E+04,  0.8437500000000002E-02,  0.3684835924244752E+02,
  0.1800000000000000E+04,  0.8593750000000001E-02,  0.3683001429145163E+02,
  0.1800000000000000E+04,  0.8750000000000001E-02,  0.3681086107470272E+02,
  0.1800000000000000E+04,  0.8906250000000003E-02,  0.3679090051203895E+02,
  0.1800000000000000E+04,  0.9062499999999999E-02,  0.3677013356207149E+02,
  0.1800000000000000E+04,  0.9218750000000000E-02,  0.3674856122213836E+02,
  0.1800000000000000E+04,  0.9375000000000001E-02,  0.3672618452825681E+02,
  0.1800000000000000E+04,  0.9531250000000002E-02,  0.3670300455507324E+02,
  0.1800000000000000E+04,  0.9687500000000002E-02,  0.3667902241581182E+02,
  0.1800000000000000E+04,  0.9843750000000000E-02,  0.3665423926222094E+02,
  0.1800000000000000E+04,  0.1000000000000000E-01,  0.3662865628451792E+02,
