path,sha256
CITATION.cff,4b0f3a58b7286e42afeb2b3dd4bd0f117e03d2c7c0ee2767ed4a925885465d16
README.md,bb5abf37e8bf9078ce0083afe4f23b151677905b92ef428d0fa76b96b34c6d7e
analysis/README.md,16cae327035c0809147d2c5c7c48e870002e3adc5c0cb87c009f46a55eeb0124
analysis/extract_results.py,8588bca19407bac74433a1034336d82e957b44a0af53ebd573f57d2ea964cb1d
analysis/review_metrics.py,1ba3ee4cb7649f6fd2d96961eda4a869bd923b724986f485e2693d75a62afe49
analysis/validation_metrics.py,8f7b5e27824220652dfc4a3c4cc628dea108d5bbd989d6c1c9b613b3d8156fac
convergence/contact_sensitivity.csv,6b8fb4558c71b63c59d2fd719b9f92b785820425575f928d57c8924cc565eff5
convergence/mesh_convergence.csv,6871a7828e7237bc0901771666d4b76458dd8580ff3d67eec32cedb06ceddfd4
convergence/stage_19_audited_refinement.csv,6cc103db28a0788c40d6664daf5495411489f1b177bdc7572d103d5d3b4179bc
convergence/timestep_convergence.csv,690b2e1aa8badfd330be756ffc64ed4c25f609d91c0a3080cc78495b56f4481a
docs/PROJECT_STATE.md,d76656d458ac6afb95fd78f7b8bd9f8c1972f2f985df44dd6176bf06230df420
docs/stage_20_quality.md,b0917d2061f3051c983961e431c2b9f000121b7405ab3cc4b930080e2a0ba0c1
docs/stage_20_rebuild.json,33ca4fb6ca631d99231c645b336625c427e3c898ff96c1986bc163ef6d27fc54
docs/stage_20_visual_review.json,2b9becbd9a0053aaa09ce3294cfb6207501e79cace66803f84a4838f515cce30
environment.yml,f78d500a0386ef9bd9247e432f59d877c29d6e459b4c1336c77559a6aa038aae
figures/contact_sensitivity.png,adec15942d7553ff3c41d13186addf26a25fe7aa20df10b1872ac1137715f44a
figures/mesh_convergence.png,690cc33b01828c68e47f984d6a81d4f11fb17e3fd06de45faf8633bcbd9d9b02
figures/publication/contact_sensitivity.png,d149fc1e6acbdd613d291ae6ef4d33373d238e6ca1482a167a58d16e3494db07
figures/publication/mesh_convergence.png,84ac527a1dc000cb2b6013fa429fe2a9b659e2eb6a0b3c8110271520d44e0f0a
figures/publication/timestep_convergence.png,8151d65739912433f13af934cb4f218bdc58b557325c49d114d2018a8ddbd78f
figures/publication_stage19/contact_sensitivity.png,c08b7386b6c17e8a4a4d7c2ee2f6659f4ddccd92555dd6120b79858b832a5600
figures/publication_stage19/mesh_convergence.png,2907fcd492ebc509455743e9c399dd128cb53323ea6020070ef65a4f0b8fe409
figures/publication_stage19/timestep_convergence.png,84f69553edcac9ee7d0e22b7309a4ed5d2d55f9b299ea735c44411549f83a361
figures/release/geometry.pdf,9a675df7522ed763ce5b9709f2aa231fc6bf92270928e9e2e6d9c564f2af020f
figures/release/geometry.png,d5551a0db6cbfc3070ab6efe99612fc06ac43dc32bdc451f6e1704ae96cf7838
figures/timestep_convergence.png,456b48a3d43ba03c9ffff656b122755080da6334b77b343b752254b1b6738e66
figures/validation_observations.png,4a8d6879636fde4e1c10096d44483d8fde5066e4305638fef0f94cf8cfd6213c
figures/validation_observations.svg,af0a8972c776bd5e6089dbcc6ba3f6377fc8c3772c025c0e6d63f9eff4bb41e3
geometry/candidate_clearance_audit.csv,679cc9aa5b73860ddca4e9b43956a41fe8e4faa22481c99d484d589868b437c3
geometry/geometry_definition.json,a4e2eae16f311d617d78b2f1448df7032cef9763e4ab3933edc12d43da1a1a94
literature/metadata/stage20/0584cfc44625cbd7.json,39eb44dde3bbcd5d20717fdcd049e304029366dd1544c8c4d612c5e485b3c0e6
literature/metadata/stage20/07c9c05c2e301ca7.json,bc2cb760a8bd1bd556dc14372bdff23bee9f1a31b5e46f6c6be6c74f8eaeb429
literature/metadata/stage20/14c5b864c921f7fa.json,bfb533de22856e2405b923ae994504d5b64c1099a71f1c25c1d472810a16aabe
literature/metadata/stage20/21b9a8e1f27100e3.json,7371b52e0ee38452f5d9ce94fda97da834c6e21dec2ba18dcdbb73ff35399806
literature/metadata/stage20/27e012a44189f252.json,1a01dda34e137f873f08e74a56acbabbb238ef5fbbb847bf27abb501def72eff
literature/metadata/stage20/32c2b18ab301910a.json,e79012d77e899182e5e6bda80903d779fad605055875e45d9e863532b8eef5ea
literature/metadata/stage20/3496d680c2f1c1cd.json,979fe3b96b1dee9a29390e1e62e8218fa9d412b092ac6fda346e7b2b1a41ade6
literature/metadata/stage20/36b33f025ff276f0.json,8e00b9af6fb22f1317e93a27c045c5a4ea8412cb32542275669ddec9e55a913b
literature/metadata/stage20/3bfcdd68190cc12a.json,8bf3f9d68621d3d5d733abecde5567eecdedf23774ac632161097f5e526f0f74
literature/metadata/stage20/4aba5dc943d09cef.json,899254334e597b18046479b46b9d287b51f96d264ff990c15222133657e5742a
literature/metadata/stage20/572bdbbdef7e518e.json,c4902a86af3c07b0c5ffa69e671a3d4ca2956c08b18617e2aecee182b9fe827b
literature/metadata/stage20/576ac6e29cbcf4d4.json,1e79ac7ae8af502bff6a553a4641dde02af7a2b95c5a022e3d7d66c7ac5f9f08
literature/metadata/stage20/5801afad6a690e1f.json,5479039172cdf0ede39263ac94435a7135b40c48af10d99d7abdef52603caf32
literature/metadata/stage20/58dbc27405e99e5f.json,6d75335c22f6b0fb94a789a4f6702dba5acf4eb560411110155fa98ff611c236
literature/metadata/stage20/6d16261de51df0ac.json,a22d1afe099a5528b04e5dfbca30c9391fdadf631f0b5e8df9c8c9e3df20716f
literature/metadata/stage20/7de259911ba92479.json,d81ec431a789508b252e11c40d6f33cbcbff63157bd815acc00eaa186ec03eef
literature/metadata/stage20/7e79242ec66892ea.json,58560482656deec82654884b28a17d98f95f81fc48dad704df9d7744d87e377b
literature/metadata/stage20/88b43cf22a89c7e9.json,a7c3f21edba160c20d82e5fab48932fea2a2f67a459869423b0e44ab54503cc2
literature/metadata/stage20/91322406495e08db.json,6b089fe4f873b31f9916bf5efbe38a3da0f51e41a636567c7dd4264916cb2247
literature/metadata/stage20/9497d6762870c08f.json,64a9fe2efa85b8ea9993632a65c62893ec54f6b6b4861f43bd24fb87206f275c
literature/metadata/stage20/94dc1fc8cd4d74eb.json,03e8a700935337401640ce4a02213c201283ef79a83a0484dce59754d5a72311
literature/metadata/stage20/9ad3b514b46363f8.json,59d2126e74880bb36fce49d935e9a5664662d796a73eb8b457baeac222668d68
literature/metadata/stage20/9b4806bbbe781267.json,bed69e6b962e7a4bd2f4dfe8635cdaf4550659a9135e8d702ed83bf66b5cd946
literature/metadata/stage20/a5a698f5d4fabb5f.json,f074393245557711e4ef2033dc4b89236031b3d137d3a2fb74bd31a8d29c4678
literature/metadata/stage20/adb3267cff4215c7.json,3e4ed3b3427bea79c67ded1c4cb68ab06a5ef368248b510e0fe22839eab530fe
literature/metadata/stage20/b0397a62ff1513e9.json,3953087ef88d4ac75c7f9a6e197e772fd3c722e2190d08e6ca51f267e1bf9ec7
literature/metadata/stage20/b4cfb69e277883e2.json,ce587885ecc576398b472c2143960be458e1d28c67c743a3edf9810ce6ff744c
literature/metadata/stage20/b9c5ed6d9bf31cd2.json,730598488e067303050a28ec3efb4956f4f0ec7d7f3867de3b2327fbc002b14f
literature/metadata/stage20/bf94221a769d5c2d.json,46859cc6ea9b43c1a7355de916f7f36b8ff7f02faaf520338a73ca8d220276f7
literature/metadata/stage20/c1c69b2a41093d74.json,d7a95c3139dcc65fc7f1a904f3b5e6664f04f4ec64ee0ff1e0569e7dc41ed995
literature/metadata/stage20/cc56cd2bcf2fbc8c.json,d1b4faa3badbebb0b3b7379b402542b55fb4ea4c45063d45e69c635dcf7f0044
literature/metadata/stage20/cea992a0666a8a1a.json,a04539debaa3e6e05793da834b0f9cae89ba5e561fbec3853a03d3d122cfa7a9
literature/metadata/stage20/d4d5b8f3bf01ac13.json,fbfc138b17d16e70766c7c0eeeb5d4f9c80545f0253cc227fcfb39d1a04503a6
literature/metadata/stage20/d8062d53993ea0d5.json,7c6047f4cd38d48a58e16b449c60fd7c4ab15f17c582174ee529f9047b384801
literature/metadata/stage20/dfb50ee2622231ed.json,f38b7b149aef96aaa19faf81736bb3c04f5d70bd7624cf4837fc729a22569651
literature/metadata/stage20/e51e2c5fd3996c37.json,8a0d14dec7817e0ae1e08c3772c92b5974acf539eff54921bc35b724c53392f2
literature/metadata/stage20/eefac0cf4a212e5e.json,8b6d60460f7b8bf98a5c035dc4c87e3c54b33909c0b659620a0b0f514dcbddc2
literature/metadata/stage20/f539a1042704d6fe.json,c0a2fce36eba00e0fc73445306b70ffb49e0ecca8c9d30fe5c232ccfacb51655
manuscript/current.md,a49774901012b7617c921eef21c08e081dc6fe29629bcaf6ee57ca7c0fc56b25
manuscript/literature_review.md,5a386f4e797716f9a9cf32583019cb140f76e8d58294c9af4ee20c5fb74ea276
manuscript/research_scope.md,ebba29e380b91aec425655bc8a8a8fd988faa2cbcd5d1d88441251163b6f1a14
material/build_manifest.json,362ef609095cd253f3e62def720fd486cb7a27301395b82a95a67a3a5b0b3083
material/constitutive_reference.json,1770a657e81e7b8f94ae291f3527ef586bd7c06c9a3882702dd1361aa90eae20
material/fixture_properties.csv,91432d2d04284e2cd118384d12aefd251ff6f24af91d880278bff4d142880a45
material/pla_properties.csv,b5df9aee11b99a22f978c78efa60388f4bdcada0325ed2ea8d2415d5f6e9f6f7
material/property_sources.csv,87363844d92616529c8cc5923abff41d97b1939904df77d109a3a91694899029
material/uncertainty_ranges.csv,77307c17a0242132617197330b7eb7064463e57f9eb177333dc3daa86aa22bb9
output/release/Constrained-Annealing-2026-Supplementary.pdf,17971aabb5b31e50e3cad856ac59cf959187a9113f1cfe69b9281adc07b515d3
output/release/Constrained-Annealing-2026.docx,11166cdd9af98765e8f9ebbd98fa5cd4644c44d15ab4924dc32cf3612bbffddb
output/release/Constrained-Annealing-2026.pdf,57dd647de793cd5181ca020d8e9c8abfc37aaaad42a1ff9c3332d7667d41e66d
reproducibility/README.md,63c9d29528b28d58c5d2adc8d15ec5d8195e995689fdfad4a841b02e748adcda
reproducibility/doi_audit.json,a54d6ff55062f33cefe14667a94ce318f1168f597e33710788c394d4b950e569
reproducibility/external_evidence.csv,73b71f7389de3c4a2c826754e6d1bec74579cefdaf61d7f1fff670bc45eca795
reproducibility/external_scratch.csv,771b747a192a4c5449f24c7e9b91b23ba80b90f3f49790497658104122465b74
reproducibility/external_search_log.csv,e1c26eda5f2c2cfa70b36ebc2385db3cd9b2d195e21095f97019f821dd0f956a
reproducibility/figure_manifest.csv,cf785ddfc79683b05c4f18a87904c37f8da373edf7ea76e1b47112ee01f71d56
reproducibility/large_file_inventory.csv,e6c0b7d2a2cb2cd88055dd2e6a1807742feba28a4148c4aea993673f1879ec55
reproducibility/result_traceability.csv,b211e3efc022c14c8294472bad03dc6b5b7e6345055ff1db9749813b0bae3900
reproducibility/table_manifest.csv,8b991773eef43c175b2c843800601f18162b4a5b07ffec7475480781aa42cbe7
requirements.txt,77b789076d7ffb5987bb8f984b4480ed930cec6075b614193f3be257b2874846
scripts/archive_base.py,edeee71be92b900037a50b8e5942907c02f0e7097e3f22576a0f6018814321b3
scripts/audit_peer_review.py,d27f87ae28826e93518f6f3a0e916bbc41c7128f08116ba96d0d2d9c1b15af4f
scripts/build_constitutive_reference.py,9da04c8c298e9eca34782e92da998dc9656fc664abf1d89b84c65f8b8eed6326
scripts/build_geometry.py,ee488f2c663d5ec39e92068e54e606148038bcbb49fc4284fd485435db525e36
scripts/build_literature.mjs,e12dcb21e437913a4215a8af0d927c5a650732e584523783d2b57514de7d9ce7
scripts/build_manuscript.py,07e08ac02020ec787f48def8a3589864dde8b2a43b026a2fe6fcce1fad3ef245
scripts/build_material_database.py,9335fcccc4c035abd1ac2f5940c4a9c379cd5360f0a06531e2d17b219f700dbc
scripts/build_publication_figures.py,b3c7c6c11f1996093b622b648eebd0b2a058b90c59705608a75126d5ac0d0242
scripts/build_release.py,298c75a9864b72e51525d6abd8823ebbcd742cee5cf683ee4beb97ecc243b921
scripts/build_review_figures.py,1990b7816340757b7b96900adbc23ffb573d6ad33caf2c0aa3ec18e219c0a4e0
scripts/build_validation_cases.py,87f785df54063744919fe378b152f689f89b435513a6a1b3c9db6daa6be221d2
scripts/build_validation_dataset.py,a93a49585f7bbd062f9fd83b57fc685a56f93ddc52e99ebe593a06f3a3cacfec
scripts/build_validation_results.py,6846db325b8f67d1fae5964f04884cec2dc554385dbb662a2afb99654360e4e4
scripts/check_ansys_stage.py,7c56eccdf5138337e095cef5866c0ce99ca585b7bb38387189eb08a6e5294cc4
scripts/check_campaign_stage.py,3d1712bca14fd8c7df66c08255fa75296f371b3c88decc874091ce72ea01c38b
scripts/check_constitutive.py,c347ac0b4b52552e93ce4a57ad1e3dd5b3afe518266d2944f3db7924159e9273
scripts/check_convergence_stage.py,d5568c753081b26592e79396f0d6c782f0df9b5fd83792977b59dda5ce8337d3
scripts/check_geometry.py,28088356f4b5c259b605dc87be928c34f6cb26b8c1b62978538a0e7671ac89be
scripts/check_integrity.py,b2b7b8b187a8c50d556e1c7af8e933059205533bf27ffa0b31e3f26ebebf10a5
scripts/check_literature.py,991300b3ae6182fece44ca9f5a1b665f861cf9b06f56dcfa2c69e436d89d3164
scripts/check_materials.py,6725ab4e9430f6e3bb5b6345f2c30e195e2ba8ceb7259830680a1a51591e88d3
scripts/check_optimization_stage.py,a30d4beebf5165a41a3920304864761b3c64d13b3b758d3218fdc26c75d01a90
scripts/check_originality_stage19.py,f64e409acada03ee76cfa20a045b196855fff15e5a58549659b5bec447dfde46
scripts/check_postprocessing_stage.py,3243f8bc7217873003d618a1cfc1d952e561bf7af8458104c88ef9ef64165b58
scripts/check_reconstruction_stage.py,7a6f08b1997ae9cc5672ac00e57ef34dac7ce56d56c85ffadc69a7e8337afdcd
scripts/check_release.py,f29fa3e671f546fe81489d10c973d1a7e53d7b265a70d608057f142e6cb941f6
scripts/check_simulation_design.py,df7e71b219083ede8e1b9d69a4a6e6f84550cd32599dd90c56a00674bf1f9bc0
scripts/check_structural_stage.py,6825c58cbf066fd420da5f1675a8f76955dc22924f54f28d8c0b653dfa3f5569
scripts/check_surrogate_stage.py,7b2daab01f0ebaeb5e127fde71e7888943fe029f724f1d90819a4d19948ce3f4
scripts/check_thermal_stage.py,63768d348e1ef475e2b8fb5a7cb11be75b97ce640adb7e0066030e42c8db3be8
scripts/check_validation_execution.py,dc5949695c4f1f90bb608053b844da6f85c7ab38eaec7544876c6c14cc2c2c0c
scripts/check_validation_stage.py,7e61948cb21f4750f429272d354c0a4f94627208593ff75d0855706a1f93c7fe
scripts/curate_literature.py,9910118c128bbec6f443526bdc1c1cee4440ebaa9b4801db16d26e50b3303130
scripts/prepare_release.py,e66eeb9c046552cc407309812ee88f611766e4320d8b010695f0085475c1bb69
scripts/record_stage_manifest.py,b878b7c7709174c0485a1200be5ba86a74cc0685701f18bc1af5d9b946707a00
scripts/render_release_word.ps1,a63b231e1adc2a30142e0a3cd83735926dfddd1be6bd1fc26313c91f199532b9
scripts/research_acquire.py,21d1a4cb0d18cf38438aac9969ff12c36f8942fce7d2b246c32300f441faa050
scripts/run_convergence_study.py,0fe12a573353708499e10320a8e98a7089ab54e7c69e816f09201978adb5c125
scripts/run_structural_verification.py,d965a924737b203523abc0aaebfe610a00b129faf7763e2e3808377f6dacbeb1
scripts/run_thermal_verification.py,56055877d5ff06e42e59a211b3032d9632e8b62f40efe2242ede842442c15a6d
scripts/run_validation_cases.py,5ed4c0fbbe48e46d6b1ec5e24a611d200c6da040af3a084646a023734605dd6f
scripts/stage02_manifest.py,d791e87f421991e9ace5411e8a0c2e5a4113d0f1d7c2182b271c8267c6f5ebb3
scripts/verify_delivery.py,155bb95c93c935dadee6e1687352f98770c65c963f330d3992eb622c3b165cde
scripts/verify_literature.py,c496b72cb1e0b099ab36443d4ffb208e738f795f1dda2e730f0acba940916ab6
scripts/verify_release_dois.py,9ec704e40f4cc36d008bd4dc8566e227672a487fa843546c35c8797402b19b4a
simulation/convergence/stage10_contact_augmented_fkn_0p1_a01/case.json,8835fd9c05476daf14cb064056735908919fdb1be5159717b49338c99a4fb1cd
simulation/convergence/stage10_contact_augmented_fkn_0p1_a01/input.dat,c5241ad42743d6567d328d65c54d78e3a70ab295d19405fa8016a935c742c6ef
simulation/convergence/stage10_contact_augmented_fkn_0p1_a03/case.json,df56159b2e8653bf92d4a2071326540858b704c604c09a15424c610ca6645866
simulation/convergence/stage10_contact_augmented_fkn_0p1_a03/input.dat,59ec0481bc4f3d4a99e4ef71eea84bbe504ff6b0304d1a7f4873fce92732445e
simulation/convergence/stage10_contact_augmented_fkn_10_a01/case.json,7a2da13908d2fb998b45cdadf2021fc46c0c3de74579ace8bb0b4291e2548ced
simulation/convergence/stage10_contact_augmented_fkn_10_a01/input.dat,cd5a5ba051410e4091dc95136c3be01eb06f724c61c93a496e14f88b5be223fd
simulation/convergence/stage10_contact_augmented_fkn_10_a03/case.json,a733660b5336bab09806204052dc906b1d32c6bfd3c43c8b2b3bc0232a486516
simulation/convergence/stage10_contact_augmented_fkn_10_a03/input.dat,932e6be3aca0ee0d9a31464cf35303a67f9bcb347fa6f4ea91733a0ee008e831
simulation/convergence/stage10_contact_augmented_mu_0p1_a01/case.json,2364024e465e827875583ebec0c3a4413476bf11a17a9069ededeab50dd4744e
simulation/convergence/stage10_contact_augmented_mu_0p1_a01/input.dat,26f9aa778caf176aa45bdeea963aacba5e933174a910ce5644d41863dd476fdd
simulation/convergence/stage10_contact_augmented_mu_0p1_a03/case.json,5c9b395d2de426bccb66f1bbd6856b3e4606248374cdc588fdf93c4905476728
simulation/convergence/stage10_contact_augmented_mu_0p1_a03/input.dat,154eeea16a7c7c978e2a4bedd5177c63f73b03b2e4b47808f2f463ddd3583722
simulation/convergence/stage10_contact_augmented_mu_0p3_a01/case.json,370a1ef9338a3ce23341c4a9f85800159648677f5a5c52cea12187477b78ce68
simulation/convergence/stage10_contact_augmented_mu_0p3_a01/input.dat,4e6aef0a9f60fdfacbc05994ba4f158a7607adddfcb06b5a8cf8929317fd828e
simulation/convergence/stage10_contact_augmented_mu_0p3_a03/case.json,8a7f2841a78f8dc66d409213bcce6c384db88d82e23df8aa8fcd019fc651dcc9
simulation/convergence/stage10_contact_augmented_mu_0p3_a03/input.dat,ee62621d93a618f50570c093f690ae521d3d5855a3f7455e881ca1f4249f339b
simulation/convergence/stage10_contact_mesh_coarse_a01/case.json,b0f17aed14aea2690eaa531782a941d0abf6514009fb6dee508c55f77f97a005
simulation/convergence/stage10_contact_mesh_coarse_a01/input.dat,f7f6e758e76497c6a1a1ed9048b234a436b4778f732e7d1e33ccfed74ab0f9de
simulation/convergence/stage10_contact_mesh_extra_fine_a01/case.json,1b7a4c155e8bd9456884bfc0c8bc5cfaa56bd226d3541cae8b56fdf705e10ef4
simulation/convergence/stage10_contact_mesh_extra_fine_a01/input.dat,ad87974f0c3298fc3dd2772dc0cef8df159b52fb04c8fdc9eefe451b4ed19427
simulation/convergence/stage10_contact_mesh_fine_a01/case.json,430ce40e56bf4c007f92d454495e0f373b58b3a5de1a81b6ea932136c507fb30
simulation/convergence/stage10_contact_mesh_fine_a01/input.dat,18cce009f9c99bcca4e7ab3835e01acc35f185957c8eeab70daf194b33de3612
simulation/convergence/stage10_contact_mesh_fine_a03/case.json,95261d7b00c90030d942f0b65576d142c5aae5c0ccc36faa3819fd4d72af16aa
simulation/convergence/stage10_contact_mesh_fine_a03/input.dat,5c2fddd4490608473d7635c5e13bc6f8af6aac89e0daeb4fd9716de88e8ed2c8
simulation/convergence/stage10_contact_mesh_lagrange_coarse_a03/case.json,9b915dea143fc283bd6880328997b4d0e13b2aef993bd317e5664708e043243e
simulation/convergence/stage10_contact_mesh_lagrange_coarse_a03/input.dat,5c1136a727f9cce5b6121a64a1c68e567f03f59f7d8291d5bb8aead206167180
simulation/convergence/stage10_contact_mesh_lagrange_extra_fine_a03/case.json,e4e80d781394dbe51b3e318329d6a1c9fc5d6d90319ab732baa701ebb10d473f
simulation/convergence/stage10_contact_mesh_lagrange_extra_fine_a03/input.dat,ec897318c88cb05445d4815b28cc5412713f1d9416ac35d334e20c86df795d05
simulation/convergence/stage10_contact_mesh_lagrange_fine_a03/case.json,efca3ceb485835ab3e4627ccde0108b0cb02d6b67e51d409ba0b8027633ec688
simulation/convergence/stage10_contact_mesh_lagrange_fine_a03/input.dat,d94cdba4321b1ac925c7a57fe214e77ddeb470cc47d50ed62cdef1aafaaf09a2
simulation/convergence/stage10_contact_mesh_lagrange_medium_a03/case.json,fdd64fa85620c4c2b3d2b0dcbeac809413328e4d1dfdfcb2a6b4c0c77bc0c630
simulation/convergence/stage10_contact_mesh_lagrange_medium_a03/input.dat,5fab1ee6d9f990895e4af426b6cc2fd03f6db315148c81e1a4c4622d90d20723
simulation/convergence/stage10_contact_mesh_medium_a01/case.json,dfc5ec193d8b2e385bcc7b05623a58c9604739f39e149b68e231fd45e5ae31cb
simulation/convergence/stage10_contact_mesh_medium_a01/input.dat,b4fe850cbfcc7275d0efbf1a4ac5bd5e3f84b46bbfd13838f5fd22ac8b4d5cde
simulation/convergence/stage10_contact_normal_lagrange_a01/case.json,9c93eee02a9dc2a8feff5b7cd33a239cc8a6df9bc149749c73032bdb9569c593
simulation/convergence/stage10_contact_normal_lagrange_a01/input.dat,6a6c66cb084c629fc58b95e8b3f70f88a78bbb5ff084f5c090fd96f2da6f08cb
simulation/convergence/stage10_contact_normal_lagrange_a03/case.json,bf81185552fcb6f843c59ccd99fd38b815ddddc0c4ce85c1ff1ff411f0750b84
simulation/convergence/stage10_contact_normal_lagrange_a03/input.dat,d94cdba4321b1ac925c7a57fe214e77ddeb470cc47d50ed62cdef1aafaaf09a2
simulation/convergence/stage10_contact_penalty_fkn_0p1_a01/case.json,3cca6184e602830442989e8398e70b80acec2ffeb6d00b3d33908221c58447b6
simulation/convergence/stage10_contact_penalty_fkn_0p1_a01/input.dat,5cbc6b25b0c6f039604420de40001da6b35dd8b46db1a383a556a4c6ccd63340
simulation/convergence/stage10_contact_penalty_fkn_0p1_a02/case.json,50caebe43bf96a5b2b33e640856befcf37161b4fd212f83ab301f578828c860f
simulation/convergence/stage10_contact_penalty_fkn_0p1_a02/input.dat,03c04655fa551e28128dec6390f6617de080fdf6d5150671f975f606216dc9d4
simulation/convergence/stage10_contact_penalty_fkn_0p1_a03/case.json,9f1c229c0bbc236b4de090ce3ebf79ad384fc71aa78246db2ccf8140cdcccee0
simulation/convergence/stage10_contact_penalty_fkn_0p1_a03/input.dat,cb999ef431077db7c6df65d8ddf4d5fba31dcabb2458b19908f7d5a1add7459a
simulation/convergence/stage10_contact_penalty_fkn_10_a01/case.json,b966c0e74b291d65dbc47928ba146d728cc021116ee037d913fdb20e7bba2357
simulation/convergence/stage10_contact_penalty_fkn_10_a01/input.dat,b94e91f7f0a4158bcb53ad491e85c373941f2aa14cc6996d14132abc27d23370
simulation/convergence/stage10_contact_penalty_fkn_10_a03/case.json,3b5f3ce8365108cf9591d13c19499cc91dc0f582677e486e1419c34dc139b4a8
simulation/convergence/stage10_contact_penalty_fkn_10_a03/input.dat,38a1051ae814c54aa48d22df360d06872dee3d5319177e847803d5abaeceab5d
simulation/convergence/stage10_contact_penalty_fkn_1_a01/case.json,5d6c4b1cb0908473762cbc9937f036a44522c4d45ac6b45d88d3135509f6e0b2
simulation/convergence/stage10_contact_penalty_fkn_1_a01/input.dat,7e0fb607da6867308bbb2a121841d502730dee1bbbf202726b84650f258d4ad1
simulation/convergence/stage10_contact_penalty_fkn_1_a03/case.json,98c2a8b67aa3d5ce6c8aeb47bd93e2327f492fb9ba0177e51e76b205446a46b2
simulation/convergence/stage10_contact_penalty_fkn_1_a03/input.dat,2a785a2571cbe1f2eefd780959790469dc799d13d0439178ac16db6c58d0d402
simulation/convergence/stage10_structural_mesh_coarse_a01/case.json,caf0f65ad35e63c9471e1e157ce5f3162f335302c35aa80f0d9cf4acdac1a814
simulation/convergence/stage10_structural_mesh_coarse_a01/input.dat,d7ad20b0f92c60cc9406602f597b1fb3a5353e80a2194bdb1ecbf071893732ee
simulation/convergence/stage10_structural_mesh_coarse_a02/case.json,350e0de9d498088e100c818d034ec397890bd2568604a6a3a3e83a2ab2fb512f
simulation/convergence/stage10_structural_mesh_coarse_a02/input.dat,dc190c829b53460cc025305aee6a988826dae4f9e02159ffe3c7cc23f9437bf8
simulation/convergence/stage10_structural_mesh_coarse_a03/case.json,0f21c55b96c519425f80a84d3b8bdcb9dd75742002875d19f3b00211a8e3c125
simulation/convergence/stage10_structural_mesh_coarse_a03/input.dat,233650903d91ef807aaf9ff00e05a56060f6185dee59806c8380242d2ffdf880
simulation/convergence/stage10_structural_mesh_extra_fine_a01/case.json,78db322825c2ea02cdeb07465760721076c531b40aef1f7756ab1c003208a078
simulation/convergence/stage10_structural_mesh_extra_fine_a01/input.dat,06ffa233e78b7e7421e77415504583aa281d83f870dd0786e1166fcf62756913
simulation/convergence/stage10_structural_mesh_fine_a01/case.json,5247217633d2232b65d9a634f34cdb7fbee80a2d13796902c65a640193f34bc3
simulation/convergence/stage10_structural_mesh_fine_a01/input.dat,fe79061edf622a0428c96a678927944fd8797ab1c00267d5906f10eb31a793a1
simulation/convergence/stage10_structural_mesh_medium_a01/case.json,55bd1efad6f304e8411a3d9edfd5338f24e4a0dd5dab52bd5dc3040db1fd010a
simulation/convergence/stage10_structural_mesh_medium_a01/input.dat,43e7f9849189073a83955bfef355beae084711f23a24fdc8da1e8a70c5455a26
simulation/convergence/stage10_structural_mesh_ultra_fine_a01/case.json,7aaffd6d5623b72e4ef824e00df5178c954ecc0ec87a334f287d590302c1e285
simulation/convergence/stage10_structural_mesh_ultra_fine_a01/input.dat,7db788cc22d49cc68f6f09d4f962cedaa92fb02ecb7172af1fea054f47951f5c
simulation/convergence/stage10_structural_time_coarse_a01/case.json,30a465db9be3f928f0d7bf6547809f9cba251b87a29a7d6119633b2150dcb4db
simulation/convergence/stage10_structural_time_coarse_a01/input.dat,63665be821a92f57e06151eebcc0e1950f6eab6e4fba5894eb1ab6bfc80cf9ef
simulation/convergence/stage10_structural_time_extra_fine_a01/case.json,afb77e50c01453e885e3e74b93e02b40b21e71b36f8705ceee7586c6d691f008
simulation/convergence/stage10_structural_time_extra_fine_a01/input.dat,41aca7a86f8119f2064fef8f8a0b2cf43fa0feacd6219a405aae8cb4111e9c3d
simulation/convergence/stage10_structural_time_medium_a01/case.json,961f44c884bdb62073e0319c84924f2ae44b5b1e932b3708ff75e9532f88a18f
simulation/convergence/stage10_structural_time_medium_a01/input.dat,b1e618d903e09795cee523e1758c320d908b1f4f899a6bbc38cbea6c468aadf4
simulation/convergence/stage10_thermal_mesh_coarse_a01/case.json,39facccd09638aeacf10ce104d55e31c71f6f46374ed40f9ae6d99eac6375d51
simulation/convergence/stage10_thermal_mesh_coarse_a01/input.dat,4088c16459a0715dace7a1f927062357d53fa3cc69d94eb657d52d2a9013986e
simulation/convergence/stage10_thermal_mesh_extra_fine_a01/case.json,022102e7fc1b22db7bd6c42fd8e281e38fc4f79a4cc311d391a014f477dcdd5b
simulation/convergence/stage10_thermal_mesh_extra_fine_a01/input.dat,eba30fa1412f27ec8a325799989c5ebc960d266c4659f4df9de063c60f702c0a
simulation/convergence/stage10_thermal_mesh_fine_a01/case.json,d13fa1d1a8a95720f1bd1bfb1fc261d3ae167ddab0b66c9e9283bc207cd71c83
simulation/convergence/stage10_thermal_mesh_fine_a01/input.dat,b7aaaae59d2a046bd12cc31f59aacd5fde2b4ef0033b4bac9cf18e20b596b022
simulation/convergence/stage10_thermal_mesh_medium_a01/case.json,1e473b5c6806fd28f785d56b9ed8fd46cd3f64215c35d324d9088d8819020ff9
simulation/convergence/stage10_thermal_mesh_medium_a01/input.dat,d7668e239e6f2af1899fe776ff16b1643a1560a69ff0f908ea7cd057b9d02fea
simulation/convergence/stage10_thermal_time_coarse_a01/case.json,383a7df80998503e632deb6a7f5687ae476048f580614cf462022fece2f3a0b5
simulation/convergence/stage10_thermal_time_coarse_a01/input.dat,b3ae66c64bb033ec2e51d47aaab1d7fa839dda86a4ad69756b87e529f1a159b8
simulation/convergence/stage10_thermal_time_extra_fine_a01/case.json,112c39ea2cb2d24eec2af7c92f1f228d26711c850b29656e1eb639cef25e8f3c
simulation/convergence/stage10_thermal_time_extra_fine_a01/input.dat,ab7b65c3eeb351509b3277f947f26cc86b5baf15b7532bcac4157bd19e8c1c75
simulation/convergence/stage10_thermal_time_medium_a01/case.json,9e26dd1a78c4cbf84769c8feb3bfba61dab7daedfe155e188460e263ff1d89eb
simulation/convergence/stage10_thermal_time_medium_a01/input.dat,a399cf727376fcc181c5b82851ac79e4d45bf0341af62903746c45db806ae09a
simulation/verification/stage08_attempt_01/input.dat,9b8f6ff249800e6172cb17d35bed139f9274ad8a1eaefc6b7ac811b7ca567e0b
simulation/verification/stage08_attempt_02/case.json,d37518b18bfd07eda553868d77d501caf0e959111779f4e903df544ab67fb765
simulation/verification/stage08_attempt_02/input.dat,54afd1ceca8caa500026da496d15d7c8573f68e928dba57008d293283c2f9e88
simulation/verification/stage08_attempt_03/case.json,6c78d09cd04b967ee00355b3000dc88e014c2fdc2a63fbc893c7a0b45e01f4f2
simulation/verification/stage08_attempt_03/input.dat,05177e25c843165b5c204f49cda50f8317acb9e1799fa5e018a4cde671d9db0d
simulation/verification/stage08_attempt_04/case.json,ececd8b2676700f521d49e80d5a0ed855a4cadf5f81c96536c7cecd3201f5b2c
simulation/verification/stage08_attempt_04/input.dat,ccb6a953586be190ee64eb261b5cc5c209298581f226aa28ebfbd301bef2198d
simulation/verification/stage08_attempt_05/case.json,ececd8b2676700f521d49e80d5a0ed855a4cadf5f81c96536c7cecd3201f5b2c
simulation/verification/stage08_attempt_05/input.dat,ccb6a953586be190ee64eb261b5cc5c209298581f226aa28ebfbd301bef2198d
simulation/verification/stage08_deck_check/input.dat,9b8f6ff249800e6172cb17d35bed139f9274ad8a1eaefc6b7ac811b7ca567e0b
simulation/verification/stage09_contact_01/case.json,a62ba8d3a13bf2a1737fa23d3a59d575de107e59840232caacca67fbafe52004
simulation/verification/stage09_contact_01/input.dat,c24c4de663479fd079b13e97644635c850be605df30b35fa1235a10970f92d4a
simulation/verification/stage09_contact_02/case.json,a62ba8d3a13bf2a1737fa23d3a59d575de107e59840232caacca67fbafe52004
simulation/verification/stage09_contact_02/input.dat,c24c4de663479fd079b13e97644635c850be605df30b35fa1235a10970f92d4a
simulation/verification/stage09_contact_03/case.json,a62ba8d3a13bf2a1737fa23d3a59d575de107e59840232caacca67fbafe52004
simulation/verification/stage09_contact_03/input.dat,c24c4de663479fd079b13e97644635c850be605df30b35fa1235a10970f92d4a
simulation/verification/stage09_eigen_fixed_01/case.json,e72d12d3943eec928b81db1883761858448890eb022c23139a12d56fbde21abf
simulation/verification/stage09_eigen_fixed_01/input.dat,cd95e41c08b19c2cab9127caca37d28b5e96b4d5048376f5346c433d95a8becd
simulation/verification/stage09_eigen_free_01/case.json,a4b9fb1a71bf0caeb655790336863765bdd615c88626d77f1557df1562e50478
simulation/verification/stage09_eigen_free_01/input.dat,f2ee4cc78fa8b07af0d1c55a4de2928c9bc22477cf9ba552f72a3d4c47195a49
simulation/verification/stage09_fixed_01/case.json,af2c4ded657f434280136d8d2f5ef586639acaf60cc7d6f395521c3635e25eac
simulation/verification/stage09_fixed_01/input.dat,9a6c3d4eda4a704bb114d71fa59d6f073fd15c691def48c9b28ae2dd43b1b3b2
simulation/verification/stage09_free_01/case.json,4575f18b1ab8c3bc1a0c746f4f5f85605a9ef80c3919e2d4e9d1ac2cd8401c3d
simulation/verification/stage09_free_01/input.dat,263ccc9bef5f64325cd6915dd93f5d400c402982e5325b50c8414e93ce511d49
simulation/verification/stage09_visco_01/case.json,8ba6ae48e2f929ebbeed87b4e441675add07e344b77f1426d09bf367df51fec1
simulation/verification/stage09_visco_01/input.dat,e200c55c3dd76d90875964e178dbc8ba3972e98460329a31556a00318e51e489
simulation/verification/stage09_visco_02/case.json,f9a421624d7203e77551005cfe12bb806b4daa5adbbeecfc8957ca005647962c
simulation/verification/stage09_visco_02/input.dat,341f7d4500a85f5f221cf127e421825e16146776a7883d1bf79ab520ff2d0a67
src/constitutive.py,493ef6f262c3011c858e619f5de82cb97c0b2a1cfe47e4d523d358b99195d41e
supplementary/current.md,19a0ed7afd7e3b5468b9e0a399d93b8785b0b3da94ad63096674042b91729a36
validation/calibration_register.csv,55f8fd35a1411ac115deda499b30f21b31d21f59cce13a61ac406d8093abdc28
validation/source_manifest.json,5337e762a72ba3d6da921aff1fa8b051129a2fceaa3a43c0d3ff455f82866722
validation/validation_dataset.csv,ceff7f0fffe3561e092e1218475275387fe269099b01b781fb064ea0f75adb84
validation/validation_deviations.csv,153f5228c23a883f5f7eafbef5cccb3c37d5449bb912aeffd0cc53cf2bcd83b6
validation/validation_metrics.csv,691d6afd094b3fcb7108aa5d3ef4e975c299289ced89c534199120d316938ec3
validation/validation_report.md,4c48dc9bac472bef41f1c4315e13e7c03a10f45d13548d6f35ff746379b1517c
validation/validation_results.csv,9020921ab31cb21636d39cb55566968e9a5419409a4b58e81651de7234fe0259
verification/contact_verification.csv,7afc002d29e21ac9eb8bd5eb5864d86f74d2eec3483cb7866a20fe4711b9f9ed
verification/structural_verification.csv,9518bb3f499cae06bea531da673bdaa1f7759e78ac0c38d15e6293189418eb68
verification/thermal_verification.csv,8ad7a3de225d0a0b06ef0edc56ecf0f802e49f806540c163403c49c6b4bfa23c
