table,caption,source_dataset,source_script,output_file,ansys_cases,type
Table 1,Structural reference checks: selected genuine outputs,verification/structural_verification.csv;verification/contact_verification.csv,scripts/build_manuscript.py; scripts/build_release.py,manuscript/current.md,See reproducibility/result_traceability.csv,Publication summary with explicit limits
Table 2,Selected verification meshes and confirmation changes,convergence/stage_19_audited_refinement.csv,scripts/build_manuscript.py; scripts/build_release.py,manuscript/current.md,See reproducibility/result_traceability.csv,Publication summary with explicit limits
Table 3,Selected verification time increments and confirmation changes,convergence/stage_19_audited_refinement.csv,scripts/build_manuscript.py; scripts/build_release.py,manuscript/current.md,See reproducibility/result_traceability.csv,Publication summary with explicit limits
Table S1,Closest competing studies and implications for scope,literature/literature_matrix.json,scripts/build_manuscript.py; scripts/build_release.py,manuscript/current.md,See reproducibility/result_traceability.csv,Publication summary with explicit limits
Table S2,"Prusament PLA generalized-Maxwell coefficients at T<sub>g</sub> = 65 °C from Chapuis et al. [8, supplementary Table B.2]",material/pla_properties.csv,scripts/build_manuscript.py; scripts/build_release.py,manuscript/current.md,See reproducibility/result_traceability.csv,Publication summary with explicit limits
Table S3,"Candidate AISI 304 fixture properties from Meng et al. [38, Table 1]",material/fixture_properties.csv,scripts/build_manuscript.py; scripts/build_release.py,manuscript/current.md,See reproducibility/result_traceability.csv,Publication summary with explicit limits
Table S4,"Reserved experimental dimensional means from Lluch-Cerezo et al. [11, Table 5], without mould",validation/validation_dataset.csv,scripts/build_manuscript.py; scripts/build_release.py,manuscript/current.md,See reproducibility/result_traceability.csv,Publication summary with explicit limits
Table S5,Genuine ANSYS–analytical center-temperature comparison for the plane-wall verification,verification/thermal_verification.csv,scripts/build_manuscript.py; scripts/build_release.py,manuscript/current.md,See reproducibility/result_traceability.csv,Publication summary with explicit limits
Table S6,Isothermal Prony finite-ramp stress verification at 65 °C,verification/structural_verification.csv,scripts/build_manuscript.py; scripts/build_release.py,manuscript/current.md,See reproducibility/result_traceability.csv,Publication summary with explicit limits
Table S7,Contact-control sensitivity on the 40-element interface,convergence/contact_sensitivity.csv,scripts/build_manuscript.py; scripts/build_release.py,manuscript/current.md,See reproducibility/result_traceability.csv,Publication summary with explicit limits
Table S8,All structural reference comparisons,verification/structural_verification.csv,scripts/build_release.py,supplementary/current.md,See reproducibility/result_traceability.csv,Complete detailed evidence table
Table S9,All gap-contact reference comparisons,verification/contact_verification.csv,scripts/build_release.py,supplementary/current.md,See reproducibility/result_traceability.csv,Complete detailed evidence table
Table S10,All audited mesh and time refinement responses,convergence/stage_19_audited_refinement.csv,scripts/build_release.py,supplementary/current.md,See reproducibility/result_traceability.csv,Complete detailed evidence table
Table S11,Complete PLA property inventory with source and formulation,material/pla_properties.csv,scripts/build_release.py,supplementary/current.md,See reproducibility/result_traceability.csv,Complete detailed evidence table
Table S12,Complete accepted convergence case matrix,convergence/mesh_convergence.csv;convergence/timestep_convergence.csv;convergence/contact_sensitivity.csv,scripts/build_release.py,supplementary/current.md,See reproducibility/result_traceability.csv,Complete detailed evidence table
